key,name,description,externalId,timeSeriesType,assetName,facility,assetDescription,isString,isStep,pi_tag,pi_pointId,pi_sourceTag,pi_pointSource,pi_archiving,engunits,asset_externalId,sourceId,source
TS-KA9101-VIB-DE,23-KA-9101 Vibration DE,1st stage compressor drive end vibration,VAL_23-KA-9101-VIB-DE:X.Value,PI,23-KA-9101,Valhall PH,PH 1st Stage Gas Compressor,FALSE,FALSE,VAL_23-KA-9101-VIB-DE:X.Value,160001,23-KA-9101-VIB-DE,VLH_PCN1,1,mm/s,23-KA-9101,TS-KA9101-VIB-DE,cfihos_test
TS-KA9101-VIB-NDE,23-KA-9101 Vibration NDE,1st stage compressor non-drive end vibration,VAL_23-KA-9101-VIB-NDE:X.Value,PI,23-KA-9101,Valhall PH,PH 1st Stage Gas Compressor,FALSE,FALSE,VAL_23-KA-9101-VIB-NDE:X.Value,160002,23-KA-9101-VIB-NDE,VLH_PCN1,1,mm/s,23-KA-9101,TS-KA9101-VIB-NDE,cfihos_test
TS-KA9101-SPEED,23-KA-9101 Speed,1st stage compressor shaft speed,VAL_23-KA-9101-SPEED:X.Value,PI,23-KA-9101,Valhall PH,PH 1st Stage Gas Compressor,FALSE,FALSE,VAL_23-KA-9101-SPEED:X.Value,160003,23-KA-9101-SPEED,VLH_PCN1,1,RPM,23-KA-9101,TS-KA9101-SPEED,cfihos_test
TS-PT92501,23-PT-92501 Pressure,1st stage suction pressure,VAL_23-PT-92501:X.Value,PI,23-PT-92501,Valhall PH,PH 1stStg Suction Pressure,FALSE,FALSE,VAL_23-PT-92501:X.Value,160627,23-PT-92501:X.Value,VLH_PCN1,1,barg,23-PT-92501,TS-PT92501,cfihos_test
TS-TT96115,23-TT-96115-01 Temp,1st stage gear thrust bearing temperature,VAL_23-TT-96115-01:Z.X.Value,PI,23-TT-96115-01,Valhall PH,PH 1stStg Gear Thrust BRG IN,FALSE,FALSE,VAL_23-TT-96115-01:Z.X.Value,160920,23-TT-96115-01:Z.X.Value,LAB-WAS-VAL,1,degC,23-TT-96115-01,TS-TT96115,cfihos_test
TS-FT92537,23-FT-92537 Flow,1st stage compressor flow,VAL_23_FT_92537_03:Z.X.Value,PI,23-FT-92537,Valhall PH,PH 1stStgComp Flow,FALSE,FALSE,VAL_23_FT_92537_03:Z.X.Value,160061,23_FT_92537_03:Z.X.Value,VLH_PCN1,1,Am3/h,23-FT-92537,TS-FT92537,cfihos_test
TS-LT92521,23-LT-92521 Level,1st stage scrubber level,VAL_23-LT-92521:X.Value,PI,23-LT-92521,Valhall PH,PH 1stStgSuctScrubber Level,FALSE,FALSE,VAL_23-LT-92521:X.Value,160570,23-LT-92521:X.Value,VLH_PCN1,1,%,23-LT-92521,TS-LT92521,cfihos_test
TS-PDT92501,23-PDT-92501 dP,1st stage suction cooler dP,VAL_23-PDT-92501:X.Value,PI,23-PDT-92501,Valhall PH,PH 1stStgSuctCool Gas In ESDV,FALSE,FALSE,VAL_23-PDT-92501:X.Value,160627,23-PDT-92501:X.Value,VLH_PCN1,1,mbar,23-PDT-92501,TS-PDT92501,cfihos_test
TS-PA9201A-DISCH,23-PA-9201A Discharge P,Seawater pump A discharge pressure,VAL_23-PA-9201A-PT:X.Value,PI,23-PA-9201A,Valhall PH,Seawater Lift Pump A,FALSE,FALSE,VAL_23-PA-9201A-PT:X.Value,160100,23-PA-9201A-PT:X.Value,VLH_PCN1,1,barg,23-PA-9201A,TS-PA9201A-DISCH,cfihos_test
TS-GT9401-EGT,23-GT-9401 Exhaust Temp,Gas turbine A exhaust gas temperature,VAL_23-GT-9401-EGT:X.Value,PI,23-GT-9401,Valhall PH,Gas Turbine Generator A,FALSE,FALSE,VAL_23-GT-9401-EGT:X.Value,160200,23-GT-9401-EGT:X.Value,VLH_PCN1,1,degC,23-GT-9401,TS-GT9401-EGT,cfihos_test
TS-GT9401-POWER,23-GT-9401 Power,Gas turbine A power output,VAL_23-GT-9401-MW:X.Value,PI,23-GT-9401,Valhall PH,Gas Turbine Generator A,FALSE,FALSE,VAL_23-GT-9401-MW:X.Value,160201,23-GT-9401-MW:X.Value,VLH_PCN1,1,MW,23-GT-9401,TS-GT9401-POWER,cfihos_test
TS-EA9501-TOUT,23-EA-9501 Gas Out Temp,1st stage cooler gas outlet temperature,VAL_23-EA-9501-TT:X.Value,PI,23-EA-9501,Valhall PH,1st Stage Discharge Cooler,FALSE,FALSE,VAL_23-EA-9501-TT:X.Value,160300,23-EA-9501-TT:X.Value,VLH_PCN1,1,degC,23-EA-9501,TS-EA9501-TOUT,cfihos_test
TS-XV92501-POS,23-XV-92501 Position,1st stage ESDV position feedback,VAL_23-XV-92501-ZT:X.Value,PI,23-XV-92501,Valhall PH,1st Stage Suction ESDV,FALSE,TRUE,VAL_23-XV-92501-ZT:X.Value,160400,23-XV-92501-ZT:X.Value,VLH_PCN1,1,%,23-XV-92501,TS-XV92501-POS,cfihos_test
TS-EL9701-CURR,23-EL-9701 Current,MV motor 1st stage compressor current,VAL_23-EL-9701-CT:X.Value,PI,23-EL-9701,Valhall PH,MV Motor 1st Stage Compressor,FALSE,FALSE,VAL_23-EL-9701-CT:X.Value,160500,23-EL-9701-CT:X.Value,VLH_PCN1,1,A,23-EL-9701,TS-EL9701-CURR,cfihos_test
TS-SU8501-PRESS,48-SU-8501 Pressure,Subsea control module A hydraulic pressure,VAL_48-SU-8501-PT:X.Value,PI,48-SU-8501,Valhall PH,Subsea Control Module A,FALSE,FALSE,VAL_48-SU-8501-PT:X.Value,160600,48-SU-8501-PT:X.Value,VLH_PCN1,1,barg,48-SU-8501,TS-SU8501-PRESS,cfihos_test
pi:161021,23-YA-96118-02:Z.X.Value,PH 1stStg Gear1 Journ BRG NDE,VAL_23-YA-96118-02:Z.X.Value,PI,23,,PH 1stStg Gear1 Journ BRG NDE,FALSE,FALSE,VAL_23-YA-96118-02:Z.X.Value,161021,,LAB-WAS-VAL,1,,23,pi:161021,akerbp
pi:160252,23-KA-9101-M01_OC_low stage_NOC3low:VALUE,PH (SwitchGear) MV-COMP.M. FEEDER/ 51-protection (trip 3I>),VAL_23-KA-9101-M01_OC_low stage_NOC3low:VALUE,PI,23-KA-9101-M01,,PH (SwitchGear) MV-COMP.M. FEEDER/ 51-protection (trip 3I>),FALSE,FALSE,VAL_23-KA-9101-M01_OC_low stage_NOC3low:VALUE,160252,,LAB-WAS-VAL3P,1,,23-KA-9101-M01,pi:160252,akerbp
pi:160731,23-PT-96186:Z.X1.Value,PH 1st Stg Oil Header,VAL_23-PT-96186:Z.X1.Value,PI,23-PT-96186-01,,PH 1st Stg Oil Header,FALSE,FALSE,VAL_23-PT-96186:Z.X1.Value,160731,,VLH_PCN1,1,,23-PT-96186-01,pi:160731,akerbp
pi:160031,23_FIC_92543_02:Z.X.Value,PH 1stStgComp AntSrg Act CntrlMod,VAL_23_FIC_92543_02:Z.X.Value,PI,23-FIC-92543,,PH 1stStgComp AntSrg Act CntrlMod,FALSE,FALSE,VAL_23_FIC_92543_02:Z.X.Value,160031,,VLH_PCN1,1,,23-FIC-92543,pi:160031,akerbp
pi:161024,23-YA-96120-01:Z.X.Value,PH 1stStg Gear2 Journ BRG DE,VAL_23-YA-96120-01:Z.X.Value,PI,23,,PH 1stStg Gear2 Journ BRG DE,FALSE,FALSE,VAL_23-YA-96120-01:Z.X.Value,161024,,LAB-WAS-VAL,1,,23,pi:161024,akerbp
pi:160574,23-LY-92529_SILch0_SC0_TYSP:VALUE,PH (Profiler) Shutdown Channel 0 - Tube y Setpoint,VAL_23-LY-92529_SILch0_SC0_TYSP:VALUE,PI,23-LE-92529,,PH (Profiler) Shutdown Channel 0 - Tube y Setpoint,FALSE,FALSE,VAL_23-LY-92529_SILch0_SC0_TYSP:VALUE,160574,,VLH_PCN5,1,,23-LE-92529,pi:160574,akerbp
pi:160060,23_FT_92537_02:Z.X.Value,PH 1stStgComp Discharge,VAL_23_FT_92537_02:Z.X.Value,PI,23,,PH 1stStgComp Discharge,FALSE,FALSE,VAL_23_FT_92537_02:Z.X.Value,160060,,VLH_PCN1,1,,23,pi:160060,akerbp
pi:160072,23_PIC_92538_02:Z.X.Value,PH 1stStgComp STV Perf Act CtrlMod,VAL_23_PIC_92538_02:Z.X.Value,PI,23-PIC-92538,,PH 1stStgComp STV Perf Act CtrlMod,FALSE,FALSE,VAL_23_PIC_92538_02:Z.X.Value,160072,,VLH_PCN1,1,,23-PIC-92538,pi:160072,akerbp
pi:160919,23-TT-96114-03:Z.X.Value,PH 1stStg Gear2 Journ BRG DE,VAL_23-TT-96114-03:Z.X.Value,PI,23,,PH 1stStg Gear2 Journ BRG DE,FALSE,FALSE,VAL_23-TT-96114-03:Z.X.Value,160919,,LAB-WAS-VAL,1,,23,pi:160919,akerbp
pi:160623,23-PDI-96249:X.Value,PH 1st Stg Comp Over Inner Seal,VAL_23-PDI-96249:X.Value,PI,23-PDI-96249,,PH 1st Stg Comp Over Inner Seal,FALSE,FALSE,VAL_23-PDI-96249:X.Value,160623,,VLH_PCN1,1,,23-PDI-96249,pi:160623,akerbp
pi:160244,23-KA-9101-M01_Motor_Winding_Temp_Trip:VALUE,PH (SwitchGear) MV-COMP.M. FEEDER/ motor winding warning trip,VAL_23-KA-9101-M01_Motor_Winding_Temp_Trip:VALUE,PI,23-KA-9101-M01,,PH (SwitchGear) MV-COMP.M. FEEDER/ motor winding warning trip,FALSE,FALSE,VAL_23-KA-9101-M01_Motor_Winding_Temp_Trip:VALUE,160244,,VLH_PCN5,1,,23-KA-9101-M01,pi:160244,akerbp
pi:160836,23-TIC-96147:Z.Y.Value,PH 1stStg Comp Seal Gas Output,VAL_23-TIC-96147:Z.Y.Value,PI,23-TIC-96147,,PH 1stStg Comp Seal Gas Output,FALSE,FALSE,VAL_23-TIC-96147:Z.Y.Value,160836,,VLH_PCN1,1,degC,23-TIC-96147,pi:160836,akerbp
pi:160259,23-KA-9101-M01_TCS_Protection_Trip:VALUE,PH (SwitchGear) MV-COMP.M. FEEDER/ TCS Protection Trip,VAL_23-KA-9101-M01_TCS_Protection_Trip:VALUE,PI,23-KA-9101-M01,,PH (SwitchGear) MV-COMP.M. FEEDER/ TCS Protection Trip,FALSE,FALSE,VAL_23-KA-9101-M01_TCS_Protection_Trip:VALUE,160259,,VLH_PCN5,1,,23-KA-9101-M01,pi:160259,akerbp
pi:161062,23-YZSL-92545-F:X.Value,PH 1st Stg Comp Disch BDV SOV ZSL Flt,VAL_23-YZSL-92545-F:X.Value,PI,23-YZSL-92545,,PH 1st Stg Comp Disch BDV SOV ZSL Flt,FALSE,FALSE,VAL_23-YZSL-92545-F:X.Value,161062,,VLH_PCN1,1,,23-YZSL-92545,pi:161062,akerbp
pi:160670,23-PIC-96153:Control Module:YR,PH 1stStg Comp Inner Seal Working Setpoint,VAL_23-PIC-96153:Control Module:YR,PI,23-PIC-96153,,PH 1stStg Comp Inner Seal Working Setpoint,FALSE,TRUE,VAL_23-PIC-96153:Control Module:YR,160670,,VLH_PCN1,1,barg,23-PIC-96153,pi:160670,akerbp
pi:160566,23-LY-92529_Setpoints_SP_waterHi:VALUE,PH (Profiler) Water deadband high setpoint,VAL_23-LY-92529_Setpoints_SP_waterHi:VALUE,PI,23-LE-92529,,PH (Profiler) Water deadband high setpoint,FALSE,FALSE,VAL_23-LY-92529_Setpoints_SP_waterHi:VALUE,160566,,VLH_PCN5,1,Kg/m3,23-LE-92529,pi:160566,akerbp
pi:160030,23_FIC_92543_01:Z.X.Value,PH 1stStgComp AntiSrg Cntrl OP,VAL_23_FIC_92543_01:Z.X.Value,PI,23-FIC-92543,,PH 1stStgComp AntiSrg Cntrl OP,FALSE,FALSE,VAL_23_FIC_92543_01:Z.X.Value,160030,,VLH_PCN1,1,,23-FIC-92543,pi:160030,akerbp
pi:160765,23-TE-96137-01:X.Value,PH 1stStg Mtr Cold Air,VAL_23-TE-96137-01:X.Value,PI,23-TE-96137-01,,PH 1stStg Mtr Cold Air,FALSE,FALSE,VAL_23-TE-96137-01:X.Value,160765,,VLH_PCN1,1,,23-TE-96137-01,pi:160765,akerbp
pi:160785,23-TIC-92604:Control Module:PD,PH 1stStgDiscCool Gas Out Derivate time,VAL_23-TIC-92604:Control Module:PD,PI,23-TIC-92604,,PH 1stStgDiscCool Gas Out Derivate time,FALSE,FALSE,VAL_23-TIC-92604:Control Module:PD,160785,,LAB-WAS-VAL800,1,s,23-TIC-92604,pi:160785,akerbp
pi:160223,23-KA-9101_EPR:VALUE,PH (CBM) 1st Stage ExpPress Ratio,VAL_23-KA-9101_EPR:VALUE,PI,23-KA-9101,,PH (CBM) 1st Stage ExpPress Ratio,FALSE,FALSE,VAL_23-KA-9101_EPR:VALUE,160223,,VLH_PCN5,1,,23-KA-9101,pi:160223,akerbp
pi:163659,45-TT-92607B:X.Value,PH 1stStgDiscClr CoolMed Out,VAL_45-TT-92607B:X.Value,PI,45-TT-92607B,,PH 1stStgDiscClr CoolMed Out,FALSE,FALSE,VAL_45-TT-92607B:X.Value,163659,,VLH_PCN1,1,,45-TT-92607B,pi:163659,akerbp
pi:160179,23-FI-92512A:X.Value,PH 1stStgSuctCool Gas In (Norm),VAL_23-FI-92512A:X.Value,PI,23-FI-92512A,,PH 1stStgSuctCool Gas In (Norm),FALSE,FALSE,VAL_23-FI-92512A:X.Value,160179,,LAB-WAS-VAL,1,,23-FI-92512A,pi:160179,akerbp
pi:160775,23-TIC-92504:Control Module:BX,PH 1stStgSuctCool Gas Out External,VAL_23-TIC-92504:Control Module:BX,PI,23-TIC-92504,,PH 1stStgSuctCool Gas Out External,FALSE,FALSE,VAL_23-TIC-92504:Control Module:BX,160775,,VLH_PCN1,1,-,23-TIC-92504,pi:160775,akerbp
pi:160632,23-PDT-92551:X.Value,PH 1stStgDiscCool Gas Out ESDV,VAL_23-PDT-92551:X.Value,PI,23-PDT-92551,,PH 1stStgDiscCool Gas Out ESDV,FALSE,FALSE,VAL_23-PDT-92551:X.Value,160632,,VLH_PCN1,1,,23-PDT-92551,pi:160632,akerbp
pi:160560,23-LY-92529_Outputs_sandLevel:VALUE,PH (Profiler) % Scaled Level Output for Level F or Sand,VAL_23-LY-92529_Outputs_sandLevel:VALUE,PI,23-LE-92529,,PH (Profiler) % Scaled Level Output for Level F or Sand,FALSE,FALSE,VAL_23-LY-92529_Outputs_sandLevel:VALUE,160560,,VLH_PCN5,1,%,23-LE-92529,pi:160560,akerbp
pi:160182,23-FT-92512:X.Value,PH 1stStgSuctCool Gas In,VAL_23-FT-92512:X.Value,PI,23-FT-92512,,PH 1stStgSuctCool Gas In,FALSE,FALSE,VAL_23-FT-92512:X.Value,160182,,VLH_PCN1,1,,23-FT-92512,pi:160182,akerbp
pi:160729,23-PT-96160:Z.X2.Value,PH 1st Stg Comp Separation Gas,VAL_23-PT-96160:Z.X2.Value,PI,23-PT-96160-02,,PH 1st Stg Comp Separation Gas,FALSE,FALSE,VAL_23-PT-96160:Z.X2.Value,160729,,VLH_PCN1,1,,23-PT-96160-02,pi:160729,akerbp
pi:160886,23-TT-92539:X.Value,PH 1stStgComp Discharge,VAL_23-TT-92539:X.Value,PI,23-TT-92539,,PH 1stStgComp Discharge,FALSE,FALSE,VAL_23-TT-92539:X.Value,160886,,VLH_PCN1,1,DegC,23-TT-92539,pi:160886,akerbp
pi:160925,23-TT-96132-01:Z.X.Value,PH 1stStg Journ BRG DE,VAL_23-TT-96132-01:Z.X.Value,PI,23,,PH 1stStg Journ BRG DE,FALSE,FALSE,VAL_23-TT-96132-01:Z.X.Value,160925,,LAB-WAS-VAL,1,,23,pi:160925,akerbp
pi:163523,45-PDT-92606:X.Value,PH 1stStgDiscCool CM,VAL_45-PDT-92606:X.Value,PI,45-PDT-92606,,PH 1stStgDiscCool CM,FALSE,FALSE,VAL_45-PDT-92606:X.Value,163523,,VLH_PCN1,1,,45-PDT-92606,pi:163523,akerbp
pi:160732,23-PT-96186:Z.X2.Value,PH 1st Stg Oil Header,VAL_23-PT-96186:Z.X2.Value,PI,23-PT-96186-02,,PH 1st Stg Oil Header,FALSE,FALSE,VAL_23-PT-96186:Z.X2.Value,160732,,VLH_PCN1,1,,23-PT-96186-02,pi:160732,akerbp
pi:160261,23-KA-9101-M01_Winding_Temperature_U1:VALUE,PH (SwitchGear),VAL_23-KA-9101-M01_Winding_Temperature_U1:VALUE,PI,23-KA-9101-M01,,PH (SwitchGear),FALSE,FALSE,VAL_23-KA-9101-M01_Winding_Temperature_U1:VALUE,160261,,VLH_PCN5,1,degC,23-KA-9101-M01,pi:160261,akerbp
pi:160068,23_KA_9101_M01_62C:Z.X.Value,PH 1stStg Comp Mtr Current,VAL_23_KA_9101_M01_62C:Z.X.Value,PI,23-KA-9101-M01,,PH 1stStg Comp Mtr Current,FALSE,FALSE,VAL_23_KA_9101_M01_62C:Z.X.Value,160068,,VLH_PCN1,1,,23-KA-9101-M01,pi:160068,akerbp
pi:160500,23-LIC-92521:Z.Y.Value,PH 1stStgSuctScrubber Level Output,VAL_23-LIC-92521:Z.Y.Value,PI,23-LIC-92521,,PH 1stStgSuctScrubber Level Output,FALSE,FALSE,VAL_23-LIC-92521:Z.Y.Value,160500,,VLH_PCN1,1,%,23-LIC-92521,pi:160500,akerbp
pi:160545,23-LY-92529_DensityBands_02foamLL:VALUE,PH (Profiler) Density Band 5 Lower Limit (FOAM),VAL_23-LY-92529_DensityBands_02foamLL:VALUE,PI,23-LE-92529,,PH (Profiler) Density Band 5 Lower Limit (FOAM),FALSE,FALSE,VAL_23-LY-92529_DensityBands_02foamLL:VALUE,160545,,VLH_PCN5,1,Kg/m3,23-LE-92529,pi:160545,akerbp
pi:160912,23-TT-96111-01:Z.X.Value,PH 1stStg Comp 1 Journ BRG DE,VAL_23-TT-96111-01:Z.X.Value,PI,23,,PH 1stStg Comp 1 Journ BRG DE,FALSE,FALSE,VAL_23-TT-96111-01:Z.X.Value,160912,,LAB-WAS-VAL,1,,23,pi:160912,akerbp
pi:160929,23-TT-96147-02:X.Value,PH 1st Stg Comp Sealgas Heater,VAL_23-TT-96147-02:X.Value,PI,23-TT-96147-02,,PH 1st Stg Comp Sealgas Heater,FALSE,FALSE,VAL_23-TT-96147-02:X.Value,160929,,VLH_PCN1,1,,23-TT-96147-02,pi:160929,akerbp
pi:161069,23-ZA-96121-01:Z.X.Value,PH 1stStg Gear Schaft Axial,VAL_23-ZA-96121-01:Z.X.Value,PI,23,,PH 1stStg Gear Schaft Axial,FALSE,FALSE,VAL_23-ZA-96121-01:Z.X.Value,161069,,LAB-WAS-VAL,1,,23,pi:161069,akerbp
pi:160725,23-PT-96156:Z.X2.Value,PH 1st Stg Outer Seal DE,VAL_23-PT-96156:Z.X2.Value,PI,23-PT-96156-02,,PH 1st Stg Outer Seal DE,FALSE,FALSE,VAL_23-PT-96156:Z.X2.Value,160725,,VLH_PCN1,1,,23-PT-96156-02,pi:160725,akerbp
pi:160260,23-KA-9101-M01_Thermal_overload_TOL3dev:VALUE,PH (SwitchGear),VAL_23-KA-9101-M01_Thermal_overload_TOL3dev:VALUE,PI,23-KA-9101-M01,,PH (SwitchGear),FALSE,FALSE,VAL_23-KA-9101-M01_Thermal_overload_TOL3dev:VALUE,160260,,VLH_PCN5,1,,23-KA-9101-M01,pi:160260,akerbp
pi:160577,23-NY-96144-02:VALUE,PH (CBM) Phase B Negative NQN,VAL_23-NY-96144-02:VALUE,PI,23-NY-96144,,PH (CBM) Phase B Negative NQN,FALSE,FALSE,VAL_23-NY-96144-02:VALUE,160577,,VLH_PCN5,1,-,23-NY-96144,pi:160577,akerbp
pi:160171,23-FE-9122-H01-F:Z.Y.Value,PH 1stStg Seal Gas Heater,VAL_23-FE-9122-H01-F:Z.Y.Value,PI,23-FE-9122,,PH 1stStg Seal Gas Heater,FALSE,FALSE,VAL_23-FE-9122-H01-F:Z.Y.Value,160171,,VLH_PCN1,1,,23-FE-9122,pi:160171,akerbp
pi:160696,23-PT-92504:X.Value,PH 1stStgSuctCool Gas Out,VAL_23-PT-92504:X.Value,PI,23-PT-92504,,PH 1stStgSuctCool Gas Out,FALSE,FALSE,VAL_23-PT-92504:X.Value,160696,,VLH_PCN1,1,,23-PT-92504,pi:160696,akerbp
pi:160576,23-NY-96144-01:VALUE,PH (CBM) Phase A Negative NQN,VAL_23-NY-96144-01:VALUE,PI,23-NY-96144,,PH (CBM) Phase A Negative NQN,FALSE,FALSE,VAL_23-NY-96144-01:VALUE,160576,,VLH_PCN5,1,-,23-NY-96144,pi:160576,akerbp
pi:160192,23-FT-96158:X.Value,PH 1stStg Comp Buffer Gas DE,VAL_23-FT-96158:X.Value,PI,23-FT-96158,,PH 1stStg Comp Buffer Gas DE,FALSE,FALSE,VAL_23-FT-96158:X.Value,160192,,VLH_PCN1,1,,23-FT-96158,pi:160192,akerbp
pi:160667,23-PIC-96153:Control Module:PD,PH 1stStg Comp Inner Seal Derivate time,VAL_23-PIC-96153:Control Module:PD,PI,23-PIC-96153,,PH 1stStg Comp Inner Seal Derivate time,FALSE,FALSE,VAL_23-PIC-96153:Control Module:PD,160667,,VLH_PCN1,1,s,23-PIC-96153,pi:160667,akerbp
pi:160918,23-TT-96114-01:Z.X.Value,PH 1stStg Gear2 Journ BRG DE,VAL_23-TT-96114-01:Z.X.Value,PI,23,,PH 1stStg Gear2 Journ BRG DE,FALSE,FALSE,VAL_23-TT-96114-01:Z.X.Value,160918,,LAB-WAS-VAL,1,,23,pi:160918,akerbp
pi:160119,23_TT_96132_02:Z.X.Value,PH 1stStg Journ BRG DE,VAL_23_TT_96132_02:Z.X.Value,PI,23,,PH 1stStg Journ BRG DE,FALSE,FALSE,VAL_23_TT_96132_02:Z.X.Value,160119,,VLH_PCN1,1,,23,pi:160119,akerbp
pi:160613,23-PC-9109-M01-39:X.Value,PH 1st Stg Aux Oil Pump Running,VAL_23-PC-9109-M01-39:X.Value,PI,23-PC-9109-M01-39,,PH 1st Stg Aux Oil Pump Running,FALSE,FALSE,VAL_23-PC-9109-M01-39:X.Value,160613,,VLH_PCN1,1,,23-PC-9109-M01-39,pi:160613,akerbp
pi:160248,23-KA-9101-M01_OC_high stage_NOC3high:VALUE,PH (SwitchGear) MV-COMP.M. FEEDER/ 50/51/51B-protection (trip 3I>>),VAL_23-KA-9101-M01_OC_high stage_NOC3high:VALUE,PI,23-KA-9101-M01,,PH (SwitchGear) MV-COMP.M. FEEDER/ 50/51/51B-protection (trip 3I>>),FALSE,FALSE,VAL_23-KA-9101-M01_OC_high stage_NOC3high:VALUE,160248,,LAB-WAS-VAL3P,1,,23-KA-9101-M01,pi:160248,akerbp
pi:160845,23-TIC-96148:Z.Y.Value,PH 1stStg Comp Seal Gas Output,VAL_23-TIC-96148:Z.Y.Value,PI,23-TIC-96148,,PH 1stStg Comp Seal Gas Output,FALSE,FALSE,VAL_23-TIC-96148:Z.Y.Value,160845,,VLH_PCN1,1,degC,23-TIC-96148,pi:160845,akerbp
pi:160555,23-LY-92529_NON-SILStatus_Heartbeat:VALUE,PH (Profiler) System Heartbeat/Watchdog,VAL_23-LY-92529_NON-SILStatus_Heartbeat:VALUE,PI,23-LE-92529,,PH (Profiler) System Heartbeat/Watchdog,FALSE,FALSE,VAL_23-LY-92529_NON-SILStatus_Heartbeat:VALUE,160555,,VLH_PCN5,1,,23-LE-92529,pi:160555,akerbp
pi:160118,23_TT_96131_02:Z.X.Value,PH 1stStg Journ BRG NDE,VAL_23_TT_96131_02:Z.X.Value,PI,23,,PH 1stStg Journ BRG NDE,FALSE,FALSE,VAL_23_TT_96131_02:Z.X.Value,160118,,VLH_PCN1,1,,23,pi:160118,akerbp
pi:160671,23-PIC-96153:MODE,PH 1stStg Comp Inner Seal Mode,VAL_23-PIC-96153:MODE,PI,23-PIC-96153,,PH 1stStg Comp Inner Seal Mode,TRUE,FALSE,VAL_23-PIC-96153:MODE,160671,,C,1,,23-PIC-96153,pi:160671,akerbp
pi:160563,23-LY-92529_Setpoints_SP_foamHi:VALUE,PH (Profiler) Foam deadband high setpoint,VAL_23-LY-92529_Setpoints_SP_foamHi:VALUE,PI,23-LE-92529,,PH (Profiler) Foam deadband high setpoint,FALSE,FALSE,VAL_23-LY-92529_Setpoints_SP_foamHi:VALUE,160563,,VLH_PCN5,1,Kg/m3,23-LE-92529,pi:160563,akerbp
pi:161057,23-YZSH-92545-F:X.Value,PH 1st Stg Comp Disch BDV SOV ZSH Flt,VAL_23-YZSH-92545-F:X.Value,PI,23-YZSH-92545,,PH 1st Stg Comp Disch BDV SOV ZSH Flt,FALSE,FALSE,VAL_23-YZSH-92545-F:X.Value,161057,,VLH_PCN1,1,,23-YZSH-92545,pi:161057,akerbp
pi:160565,23-LY-92529_Setpoints_SP_oilHi:VALUE,PH (Profiler) Oil deadband high setpoint,VAL_23-LY-92529_Setpoints_SP_oilHi:VALUE,PI,23-LE-92529,,PH (Profiler) Oil deadband high setpoint,FALSE,FALSE,VAL_23-LY-92529_Setpoints_SP_oilHi:VALUE,160565,,VLH_PCN5,1,Kg/m3,23-LE-92529,pi:160565,akerbp
pi:163364,45-FT-92139A:X.Value,PH 1stStg Mtr Cooler CW,VAL_45-FT-92139A:X.Value,PI,45-FT-92139A,,PH 1stStg Mtr Cooler CW,FALSE,FALSE,VAL_45-FT-92139A:X.Value,163364,,VLH_PCN1,1,,45-FT-92139A,pi:163364,akerbp
pi:160829,23-TIC-96147:Control Module:BX,PH 1stStg Comp Seal Gas External,VAL_23-TIC-96147:Control Module:BX,PI,23-TIC-96147,,PH 1stStg Comp Seal Gas External,FALSE,FALSE,VAL_23-TIC-96147:Control Module:BX,160829,,VLH_PCN1,1,-,23-TIC-96147,pi:160829,akerbp
pi:160924,23-TT-96131-01:Z.X.Value,PH 1stStg Journ BRG NDE,VAL_23-TT-96131-01:Z.X.Value,PI,23,,PH 1stStg Journ BRG NDE,FALSE,FALSE,VAL_23-TT-96131-01:Z.X.Value,160924,,LAB-WAS-VAL,1,,23,pi:160924,akerbp
pi:160170,23-FE-9122-39:X.Value,PH 1st Stg Seal Gas Heater Running,VAL_23-FE-9122-39:X.Value,PI,23-FE-9122-39,,PH 1st Stg Seal Gas Heater Running,FALSE,FALSE,VAL_23-FE-9122-39:X.Value,160170,,VLH_PCN1,1,,23-FE-9122-39,pi:160170,akerbp
pi:160885,23-TT-92537:X.Value,PH 1stStgComp Discharge,VAL_23-TT-92537:X.Value,PI,23-TT-92537,,PH 1stStgComp Discharge,FALSE,FALSE,VAL_23-TT-92537:X.Value,160885,,VLH_PCN1,1,DegC,23-TT-92537,pi:160885,akerbp
pi:160913,23-TT-96111-03:Z.X.Value,PH 1stStg Comp 1 Journ BRG DE,VAL_23-TT-96111-03:Z.X.Value,PI,23,,PH 1stStg Comp 1 Journ BRG DE,FALSE,FALSE,VAL_23-TT-96111-03:Z.X.Value,160913,,LAB-WAS-VAL,1,,23,pi:160913,akerbp
pi:160226,23-KA-9101_PHD:VALUE,PH (CBM) 1st Stage Poly Head Dev,VAL_23-KA-9101_PHD:VALUE,PI,23-KA-9101,,PH (CBM) 1st Stage Poly Head Dev,FALSE,FALSE,VAL_23-KA-9101_PHD:VALUE,160226,,VLH_PCN5,1,,23-KA-9101,pi:160226,akerbp
pi:160556,23-LY-92529_Outputs_emulsionLevel:VALUE,PH (Profiler) % Scaled Level Output for Level D or Emulsion,VAL_23-LY-92529_Outputs_emulsionLevel:VALUE,PI,23-LE-92529,,PH (Profiler) % Scaled Level Output for Level D or Emulsion,FALSE,FALSE,VAL_23-LY-92529_Outputs_emulsionLevel:VALUE,160556,,VLH_PCN5,1,%,23-LE-92529,pi:160556,akerbp
pi:160180,23-FI-92512B:X.Value,PH 1stStgSuctCool Gas In (Std),VAL_23-FI-92512B:X.Value,PI,23-FI-92512B,,PH 1stStgSuctCool Gas In (Std),FALSE,FALSE,VAL_23-FI-92512B:X.Value,160180,,LAB-WAS-VAL,1,,23-FI-92512B,pi:160180,akerbp
pi:160202,23-FZSL-92542:X.Value,PH 1st Stg Comp HGB Closed,VAL_23-FZSL-92542:X.Value,PI,23-FZSL-92542,,PH 1st Stg Comp HGB Closed,FALSE,FALSE,VAL_23-FZSL-92542:X.Value,160202,,VLH_PCN1,1,,23-FZSL-92542,pi:160202,akerbp
pi:160783,23-TIC-92604:Control Module:BA,PH 1stStgDiscCool Gas Out Auto,VAL_23-TIC-92604:Control Module:BA,PI,23-TIC-92604,,PH 1stStgDiscCool Gas Out Auto,FALSE,FALSE,VAL_23-TIC-92604:Control Module:BA,160783,,LAB-WAS-VAL800,1,-,23-TIC-92604,pi:160783,akerbp
pi:160568,23-LY-92529_SILch0_SC0_TX1SP:VALUE,PH (Profiler) Shutdown Channel 0 - Tube x1 Setpoint,VAL_23-LY-92529_SILch0_SC0_TX1SP:VALUE,PI,23-LE-92529,,PH (Profiler) Shutdown Channel 0 - Tube x1 Setpoint,FALSE,FALSE,VAL_23-LY-92529_SILch0_SC0_TX1SP:VALUE,160568,,VLH_PCN5,1,,23-LE-92529,pi:160568,akerbp
pi:160116,23_TT_96101_01:Z.X.Value,PH 1stStg Comp Journ BRG DE,VAL_23_TT_96101_01:Z.X.Value,PI,23,,PH 1stStg Comp Journ BRG DE,FALSE,FALSE,VAL_23_TT_96101_01:Z.X.Value,160116,,VLH_PCN1,1,,23,pi:160116,akerbp
pi:160933,23-TT-96181-03:X.Value,PH 1stStg Lube Oil System Header,VAL_23-TT-96181-03:X.Value,PI,23-TT-96181-03,,PH 1stStg Lube Oil System Header,FALSE,FALSE,VAL_23-TT-96181-03:X.Value,160933,,VLH_PCN1,1,,23-TT-96181-03,pi:160933,akerbp
pi:160247,23-KA-9101-M01_OC_high stage_negative_seq_NPShigh:VALUE,PH (SwitchGear),VAL_23-KA-9101-M01_OC_high stage_negative_seq_NPShigh:VALUE,PI,23-KA-9101-M01,,PH (SwitchGear),FALSE,FALSE,VAL_23-KA-9101-M01_OC_high stage_negative_seq_NPShigh:VALUE,160247,,LAB-WAS-VAL3P,1,,23-KA-9101-M01,pi:160247,akerbp
pi:160703,23-PT-92539:X.Value,PH 1stStgComp Discharge,VAL_23-PT-92539:X.Value,PI,23-PT-92539,,PH 1stStgComp Discharge,FALSE,FALSE,VAL_23-PT-92539:X.Value,160703,,VLH_PCN1,1,bar,23-PT-92539,pi:160703,akerbp
pi:160521,23-LT-92529-02:X.Value,PH 1stStgScrub I-face TopLiq,VAL_23-LT-92529-02:X.Value,PI,23-LT-92529-02,,PH 1stStgScrub I-face TopLiq,FALSE,FALSE,VAL_23-LT-92529-02:X.Value,160521,,VLH_PCN1,1,,23-LT-92529-02,pi:160521,akerbp
pi:160542,23-LY-92529_Alarms_PNTA:VALUE,PH (Profiler) Number of Active Tube Alarms,VAL_23-LY-92529_Alarms_PNTA:VALUE,PI,23-LE-92529,,PH (Profiler) Number of Active Tube Alarms,FALSE,FALSE,VAL_23-LY-92529_Alarms_PNTA:VALUE,160542,,VLH_PCN5,1,,23-LE-92529,pi:160542,akerbp
pi:160270,23-KA-9101-M01-EL:XS.CoreStatus.XGL.Signal.Value,PH Circuit Breaker Open (OFF),VAL_23-KA-9101-M01-EL:XS.CoreStatus.XGL.Signal.Value,PI,23-KA-9101-M01,,PH Circuit Breaker Open (OFF),FALSE,FALSE,VAL_23-KA-9101-M01-EL:XS.CoreStatus.XGL.Signal.Value,160270,,VLH_PCN1,1,,23-KA-9101-M01,pi:160270,akerbp
pi:160537,23-LV-92521B:Y.Value,PH 1stStgSuctScrubber Level,VAL_23-LV-92521B:Y.Value,PI,23-LV-92521B,,PH 1stStgSuctScrubber Level,FALSE,FALSE,VAL_23-LV-92521B:Y.Value,160537,,VLH_PCN1,1,,23-LV-92521B,pi:160537,akerbp
pi:160567,23-LY-92529_SILch0_SC0_TX1PSP:VALUE,PH (Profiler) Shutdown Channel 0 - Tube x1 Position Setpoint,VAL_23-LY-92529_SILch0_SC0_TX1PSP:VALUE,PI,23-LE-92529,,PH (Profiler) Shutdown Channel 0 - Tube x1 Position Setpoint,FALSE,FALSE,VAL_23-LY-92529_SILch0_SC0_TX1PSP:VALUE,160567,,VLH_PCN5,1,,23-LE-92529,pi:160567,akerbp
pi:160835,23-TIC-96147:Z.X.Value,PH 1stStg Comp Seal Gas Measured Value,VAL_23-TIC-96147:Z.X.Value,PI,23-TIC-96147,,PH 1stStg Comp Seal Gas Measured Value,FALSE,FALSE,VAL_23-TIC-96147:Z.X.Value,160835,,VLH_PCN1,1,degC,23-TIC-96147,pi:160835,akerbp
pi:160543,23-LY-92529_DensityBands_01gasLL:VALUE,PH (Profiler) Density Band 6 Lower Limit (GAS),VAL_23-LY-92529_DensityBands_01gasLL:VALUE,PI,23-LE-92529,,PH (Profiler) Density Band 6 Lower Limit (GAS),FALSE,FALSE,VAL_23-LY-92529_DensityBands_01gasLL:VALUE,160543,,VLH_PCN5,1,Kg/m3,23-LE-92529,pi:160543,akerbp
pi:161017,23-YA-96106-02:Z.X.Value,PH 1stStg Comp1 Journ BRG NDE,VAL_23-YA-96106-02:Z.X.Value,PI,23,,PH 1stStg Comp1 Journ BRG NDE,FALSE,FALSE,VAL_23-YA-96106-02:Z.X.Value,161017,,LAB-WAS-VAL,1,,23,pi:161017,akerbp
pi:160587,23-NY-96144-12:VALUE,PH (CBM) Phase C Positive Qmax,VAL_23-NY-96144-12:VALUE,PI,23-NY-96144,,PH (CBM) Phase C Positive Qmax,FALSE,FALSE,VAL_23-NY-96144-12:VALUE,160587,,VLH_PCN5,1,mV,23-NY-96144,pi:160587,akerbp
pi:160117,23_TT_96102_01:Z.X.Value,PH 1stStg Comp Journ BRG NDE,VAL_23_TT_96102_01:Z.X.Value,PI,23,,PH 1stStg Comp Journ BRG NDE,FALSE,FALSE,VAL_23_TT_96102_01:Z.X.Value,160117,,VLH_PCN1,1,,23,pi:160117,akerbp
pi:160647,23-PDT-96161:X.Value,PH 1st Stg Comp Booster Filter,VAL_23-PDT-96161:X.Value,PI,23-PDT-96161,,PH 1st Stg Comp Booster Filter,FALSE,FALSE,VAL_23-PDT-96161:X.Value,160647,,VLH_PCN1,1,,23-PDT-96161,pi:160647,akerbp
pi:160546,23-LY-92529_DensityBands_02foamUL:VALUE,PH (Profiler) Density Band 5 Upper Limit (FOAM),VAL_23-LY-92529_DensityBands_02foamUL:VALUE,PI,23-LE-92529,,PH (Profiler) Density Band 5 Upper Limit (FOAM),FALSE,FALSE,VAL_23-LY-92529_DensityBands_02foamUL:VALUE,160546,,VLH_PCN5,1,Kg/m3,23-LE-92529,pi:160546,akerbp
pi:160492,23-LIC-92521:Control Module:BA,PH 1stStgSuctScrubber Level Auto,VAL_23-LIC-92521:Control Module:BA,PI,23-LIC-92521,,PH 1stStgSuctScrubber Level Auto,FALSE,FALSE,VAL_23-LIC-92521:Control Module:BA,160492,,VLH_PCN1,1,-,23-LIC-92521,pi:160492,akerbp
pi:160586,23-NY-96144-11:VALUE,PH (CBM) Phase B Positive Qmax,VAL_23-NY-96144-11:VALUE,PI,23-NY-96144,,PH (CBM) Phase B Positive Qmax,FALSE,FALSE,VAL_23-NY-96144-11:VALUE,160586,,VLH_PCN5,1,mV,23-NY-96144,pi:160586,akerbp
pi:191153,23-TIC-92604B:Z.Y.Value,PH 1stStgDiscCool Gas Out Output,VAL_23-TIC-92604B:Z.Y.Value,PI,23-TIC-92604B,,PH 1stStgDiscCool Gas Out Output,FALSE,FALSE,VAL_23-TIC-92604B:Z.Y.Value,191153,,VLH_PCN1,1,degC,23-TIC-92604B,pi:191153,akerbp
pi:160105,23_PT_92537:Z.X.Value,PH 1stStgComp Discharge,VAL_23_PT_92537:Z.X.Value,PI,23-PT-92537,,PH 1stStgComp Discharge,FALSE,FALSE,VAL_23_PT_92537:Z.X.Value,160105,,VLH_PCN1,1,,23-PT-92537,pi:160105,akerbp
pi:160882,23-TT-92502:X.Value,PH 1stStgSuctCool Gas In,VAL_23-TT-92502:X.Value,PI,23-TT-92502,,PH 1stStgSuctCool Gas In,FALSE,FALSE,VAL_23-TT-92502:X.Value,160882,,VLH_PCN1,1,,23-TT-92502,pi:160882,akerbp
pi:160930,23-TT-96168:X.Value,PH 1st Stg Comp Inner Seal,VAL_23-TT-96168:X.Value,PI,23-TT-96168,,PH 1st Stg Comp Inner Seal,FALSE,FALSE,VAL_23-TT-96168:X.Value,160930,,VLH_PCN1,1,,23-TT-96168,pi:160930,akerbp
pi:160191,23-FT-96152:X.Value,PH 1stStg Comp Inner Seal NDE,VAL_23-FT-96152:X.Value,PI,23-FT-96152,,PH 1stStg Comp Inner Seal NDE,FALSE,FALSE,VAL_23-FT-96152:X.Value,160191,,VLH_PCN1,1,,23-FT-96152,pi:160191,akerbp
pi:160840,23-TIC-96148:Control Module:PI,PH 1stStg Comp Seal Gas Integral time,VAL_23-TIC-96148:Control Module:PI,PI,23-TIC-96148,,PH 1stStg Comp Seal Gas Integral time,FALSE,FALSE,VAL_23-TIC-96148:Control Module:PI,160840,,VLH_PCN1,1,s,23-TIC-96148,pi:160840,akerbp
pi:160229,23-KA-9101-M01:HSI.StatusMotorOn,PH 1st Stage Compressor Running,VAL_23-KA-9101-M01:HSI.StatusMotorOn,PI,23-KA-9101-M01,,PH 1st Stage Compressor Running,FALSE,FALSE,VAL_23-KA-9101-M01:HSI.StatusMotorOn,160229,,VLH_PCN1,1,,23-KA-9101-M01,pi:160229,akerbp
pi:160529,23-LT-96182-03:X.Value,PH 1stStg Lube Oil Reservoir,VAL_23-LT-96182-03:X.Value,PI,23-LT-96182-03,,PH 1stStg Lube Oil Reservoir,FALSE,FALSE,VAL_23-LT-96182-03:X.Value,160529,,VLH_PCN1,1,,23-LT-96182-03,pi:160529,akerbp
pi:160832,23-TIC-96147:Control Module:PP,PH 1stStg Comp Seal Gas Gain,VAL_23-TIC-96147:Control Module:PP,PI,23-TIC-96147,,PH 1stStg Comp Seal Gas Gain,FALSE,FALSE,VAL_23-TIC-96147:Control Module:PP,160832,,VLH_PCN1,1,-,23-TIC-96147,pi:160832,akerbp
pi:160075,23_PIC_92538_05:Z.X.Value,PH 1stStgComp STV Perf Prim SP,VAL_23_PIC_92538_05:Z.X.Value,PI,23-PIC-92538,,PH 1stStgComp STV Perf Prim SP,FALSE,FALSE,VAL_23_PIC_92538_05:Z.X.Value,160075,,VLH_PCN1,1,,23-PIC-92538,pi:160075,akerbp
pi:160077,23_PIC_92538_07:Z.X.Value,PH 1stStgComp Perf Limit 1 SP,VAL_23_PIC_92538_07:Z.X.Value,PI,23-PIC-92538,,PH 1stStgComp Perf Limit 1 SP,FALSE,FALSE,VAL_23_PIC_92538_07:Z.X.Value,160077,,VLH_PCN1,1,,23-PIC-92538,pi:160077,akerbp
pi:160730,23-PT-96160-03:X.Value,PH 1st Stg Comp Separation Gas,VAL_23-PT-96160-03:X.Value,PI,23-PT-96160-03,,PH 1st Stg Comp Separation Gas,FALSE,FALSE,VAL_23-PT-96160-03:X.Value,160730,,VLH_PCN1,1,,23-PT-96160-03,pi:160730,akerbp
pi:160493,23-LIC-92521:Control Module:BX,PH 1stStgSuctScrubber Level External,VAL_23-LIC-92521:Control Module:BX,PI,23-LIC-92521,,PH 1stStgSuctScrubber Level External,FALSE,FALSE,VAL_23-LIC-92521:Control Module:BX,160493,,VLH_PCN1,1,-,23-LIC-92521,pi:160493,akerbp
pi:160926,23-TT-96136-02:Z.X.Value,PH 1stStg Mtr Winding U1,VAL_23-TT-96136-02:Z.X.Value,PI,23,,PH 1stStg Mtr Winding U1,FALSE,FALSE,VAL_23-TT-96136-02:Z.X.Value,160926,,LAB-WAS-VAL,1,,23,pi:160926,akerbp
pi:160269,23-KA-9101-M01-EL:XS.CoreStatus.XGH.Signal.Value,PH Circuit Breaker Closed (ON),VAL_23-KA-9101-M01-EL:XS.CoreStatus.XGH.Signal.Value,PI,23-KA-9101-M01,,PH Circuit Breaker Closed (ON),FALSE,FALSE,VAL_23-KA-9101-M01-EL:XS.CoreStatus.XGH.Signal.Value,160269,,VLH_PCN1,1,,23-KA-9101-M01,pi:160269,akerbp
pi:160841,23-TIC-96148:Control Module:PP,PH 1stStg Comp Seal Gas Gain,VAL_23-TIC-96148:Control Module:PP,PI,23-TIC-96148,,PH 1stStg Comp Seal Gas Gain,FALSE,FALSE,VAL_23-TIC-96148:Control Module:PP,160841,,VLH_PCN1,1,-,23-TIC-96148,pi:160841,akerbp
pi:160722,23-PT-96150:Z.X1.Value,PH 1st Stg Inner Seal NDE,VAL_23-PT-96150:Z.X1.Value,PI,23-PT-96150-01,,PH 1st Stg Inner Seal NDE,FALSE,FALSE,VAL_23-PT-96150:Z.X1.Value,160722,,VLH_PCN1,1,,23-PT-96150-01,pi:160722,akerbp
pi:160570,23-LY-92529_SILch0_SC0_TXSP:VALUE,PH (Profiler) Shutdown Channel 0 - Tube x Setpoint,VAL_23-LY-92529_SILch0_SC0_TXSP:VALUE,PI,23-LE-92529,,PH (Profiler) Shutdown Channel 0 - Tube x Setpoint,FALSE,FALSE,VAL_23-LY-92529_SILch0_SC0_TXSP:VALUE,160570,,VLH_PCN5,1,,23-LE-92529,pi:160570,akerbp
pi:160554,23-LY-92529_DensityBands_06sandUL:VALUE,PH (Profiler) Density Band 1 Upper Limit (SAND),VAL_23-LY-92529_DensityBands_06sandUL:VALUE,PI,23-LE-92529,,PH (Profiler) Density Band 1 Upper Limit (SAND),FALSE,FALSE,VAL_23-LY-92529_DensityBands_06sandUL:VALUE,160554,,VLH_PCN5,1,Kg/m3,23-LE-92529,pi:160554,akerbp
pi:160569,23-LY-92529_SILch0_SC0_TXPSP:VALUE,PH (Profiler) Shutdown Channel 0 - Tube x Position Setpoint,VAL_23-LY-92529_SILch0_SC0_TXPSP:VALUE,PI,23-LE-92529,,PH (Profiler) Shutdown Channel 0 - Tube x Position Setpoint,FALSE,FALSE,VAL_23-LY-92529_SILch0_SC0_TXPSP:VALUE,160569,,VLH_PCN5,1,,23-LE-92529,pi:160569,akerbp
pi:160629,23-PDT-92522:X.Value,PH 1stStgSuctScrubber Gas Out,VAL_23-PDT-92522:X.Value,PI,23-PDT-92522,,PH 1stStgSuctScrubber Gas Out,FALSE,FALSE,VAL_23-PDT-92522:X.Value,160629,,VLH_PCN1,1,,23-PDT-92522,pi:160629,akerbp
pi:160238,23-KA-9101-M01_E_stop_active:VALUE,PH (SwitchGear),VAL_23-KA-9101-M01_E_stop_active:VALUE,PI,23-KA-9101-M01,,PH (SwitchGear),FALSE,FALSE,VAL_23-KA-9101-M01_E_stop_active:VALUE,160238,,VLH_PCN5,1,,23-KA-9101-M01,pi:160238,akerbp
pi:160111,23_TT_92536:Z.X.Value,PH 1stStgComp Discharge Temp,VAL_23_TT_92536:Z.X.Value,PI,23-TT-92536,,PH 1stStgComp Discharge Temp,FALSE,FALSE,VAL_23_TT_92536:Z.X.Value,160111,,VLH_PCN1,1,,23-TT-92536,pi:160111,akerbp
pi:161004,23-XA-96125-A:Z.X.Value,PH 1stStg KEYPH Gear2 Shaft,VAL_23-XA-96125-A:Z.X.Value,PI,23,,PH 1stStg KEYPH Gear2 Shaft,FALSE,FALSE,VAL_23-XA-96125-A:Z.X.Value,161004,,LAB-WAS-VAL,1,,23,pi:161004,akerbp
pi:160073,23_PIC_92538_03:Z.X.Value,PH 1stStgComp STV Perf State,VAL_23_PIC_92538_03:Z.X.Value,PI,23-PIC-92538,,PH 1stStgComp STV Perf State,FALSE,FALSE,VAL_23_PIC_92538_03:Z.X.Value,160073,,VLH_PCN1,1,,23-PIC-92538,pi:160073,akerbp
pi:160148,23-ESDV-92521-PST:VALUE,PH,VAL_23-ESDV-92521-PST:VALUE,PI,23-ESDV-92521-PST,,PH,FALSE,FALSE,VAL_23-ESDV-92521-PST:VALUE,160148,,VLH_PCN5,1,,23-ESDV-92521-PST,pi:160148,akerbp
pi:161025,23-YA-96120-02:Z.X.Value,PH 1stStg Gear2 Journ BRG DE,VAL_23-YA-96120-02:Z.X.Value,PI,23,,PH 1stStg Gear2 Journ BRG DE,FALSE,FALSE,VAL_23-YA-96120-02:Z.X.Value,161025,,LAB-WAS-VAL,1,,23,pi:161025,akerbp
pi:160081,23_PIC_92538_13:Z.X.Value,PH Limit Loop 3 Set Point,VAL_23_PIC_92538_13:Z.X.Value,PI,23-PIC-92538,,PH Limit Loop 3 Set Point,FALSE,FALSE,VAL_23_PIC_92538_13:Z.X.Value,160081,,VLH_PCN1,1,,23-PIC-92538,pi:160081,akerbp
pi:163655,45-TT-92506:X.Value,PH 1stStgSuctClr CoolMed Sply,VAL_45-TT-92506:X.Value,PI,45-TT-92506,,PH 1stStgSuctClr CoolMed Sply,FALSE,FALSE,VAL_45-TT-92506:X.Value,163655,,VLH_PCN1,1,,45-TT-92506,pi:163655,akerbp
pi:160614,23-PC-9109-M01-EL:XS.MeasuredValues.CurrentL2.Value.Value,PH 1stStg Comp Lube Oil Pump,VAL_23-PC-9109-M01-EL:XS.MeasuredValues.CurrentL2.Value.Value,PI,23-PC-9109-M01,,PH 1stStg Comp Lube Oil Pump,FALSE,FALSE,VAL_23-PC-9109-M01-EL:XS.MeasuredValues.CurrentL2.Value.Value,160614,,VLH_PCN1,1,,23-PC-9109-M01,pi:160614,akerbp
pi:160665,23-PIC-96153:Control Module:BA,PH 1stStg Comp Inner Seal Auto,VAL_23-PIC-96153:Control Module:BA,PI,23-PIC-96153,,PH 1stStg Comp Inner Seal Auto,FALSE,FALSE,VAL_23-PIC-96153:Control Module:BA,160665,,VLH_PCN1,1,-,23-PIC-96153,pi:160665,akerbp
pi:195975,23-FT-92537-04:X.Value,PH 1stStgComp Vol Flow,VAL_23-FT-92537-04:X.Value,PI,23,,PH 1stStgComp Vol Flow,FALSE,FALSE,VAL_23-FT-92537-04:X.Value,195975,,VLH_PCN1,1,m3/h,23,pi:195975,akerbp
pi:161061,23-YZSL-92526-F:X.Value,PH 1st Stg Comp Suct BDV SOV ZSL Flt,VAL_23-YZSL-92526-F:X.Value,PI,23-YZSL-92526,,PH 1st Stg Comp Suct BDV SOV ZSL Flt,FALSE,FALSE,VAL_23-YZSL-92526-F:X.Value,161061,,VLH_PCN1,1,,23-YZSL-92526,pi:161061,akerbp
pi:161027,23-YA-96123:Z.X.Value,PH 1stStg Gear2 Velocimeter,VAL_23-YA-96123:Z.X.Value,PI,23,,PH 1stStg Gear2 Velocimeter,FALSE,FALSE,VAL_23-YA-96123:Z.X.Value,161027,,LAB-WAS-VAL,1,,23,pi:161027,akerbp
pi:160928,23-TT-96136-08:Z.X.Value,PH 1stStgMtr Winding W,VAL_23-TT-96136-08:Z.X.Value,PI,23,,PH 1stStgMtr Winding W,FALSE,FALSE,VAL_23-TT-96136-08:Z.X.Value,160928,,LAB-WAS-VAL,1,,23,pi:160928,akerbp
pi:160220,23-KA-9101_ASP:VALUE,PH (CBM) 1st Stage ActShaft Power,VAL_23-KA-9101_ASP:VALUE,PI,23-KA-9101,,PH (CBM) 1st Stage ActShaft Power,FALSE,FALSE,VAL_23-KA-9101_ASP:VALUE,160220,,VLH_PCN5,1,kw,23-KA-9101,pi:160220,akerbp
pi:160080,23_PIC_92538_12:Z.X.Value,PH Limit Loop 3 Process Variable,VAL_23_PIC_92538_12:Z.X.Value,PI,23-PIC-92538,,PH Limit Loop 3 Process Variable,FALSE,FALSE,VAL_23_PIC_92538_12:Z.X.Value,160080,,VLH_PCN1,1,,23-PIC-92538,pi:160080,akerbp
pi:160922,23-TT-96116-01:Z.X.Value,PH 1stStg Gear Thrust BRG OUT,VAL_23-TT-96116-01:Z.X.Value,PI,23,,PH 1stStg Gear Thrust BRG OUT,FALSE,FALSE,VAL_23-TT-96116-01:Z.X.Value,160922,,LAB-WAS-VAL,1,,23,pi:160922,akerbp
pi:160520,23-LT-92523:Z.X2.Value,PH 1stStgSuctScrubber,VAL_23-LT-92523:Z.X2.Value,PI,23-LT-92523-02,,PH 1stStgSuctScrubber,FALSE,FALSE,VAL_23-LT-92523:Z.X2.Value,160520,,VLH_PCN1,1,,23-LT-92523-02,pi:160520,akerbp
pi:160156,23-FE-9106-H01-EL:XS.MeasuredValues.CurrentL2.Value.Value,PH 1stStgComp OIL HEATER,VAL_23-FE-9106-H01-EL:XS.MeasuredValues.CurrentL2.Value.Value,PI,23-FE-9106,,PH 1stStgComp OIL HEATER,FALSE,FALSE,VAL_23-FE-9106-H01-EL:XS.MeasuredValues.CurrentL2.Value.Value,160156,,VLH_PCN1,1,,23-FE-9106,pi:160156,akerbp
pi:161056,23-YZSH-92526-F:X.Value,PH 1st Stg Comp Suct BDV SOV ZSH Flt,VAL_23-YZSH-92526-F:X.Value,PI,23-YZSH-92526,,PH 1st Stg Comp Suct BDV SOV ZSH Flt,FALSE,FALSE,VAL_23-YZSH-92526-F:X.Value,161056,,VLH_PCN1,1,,23-YZSH-92526,pi:161056,akerbp
pi:160147,23-ESDV-92501B-PST:VALUE,PH,VAL_23-ESDV-92501B-PST:VALUE,PI,23-ESDV-92501B-PST,,PH,FALSE,FALSE,VAL_23-ESDV-92501B-PST:VALUE,160147,,VLH_PCN5,1,,23-ESDV-92501B-PST,pi:160147,akerbp
pi:161005,23-XA-96135-A:Z.X.Value,PH 1stStg KEYPH Mtr Shaft,VAL_23-XA-96135-A:Z.X.Value,PI,23,,PH 1stStg KEYPH Mtr Shaft,FALSE,FALSE,VAL_23-XA-96135-A:Z.X.Value,161005,,LAB-WAS-VAL,1,,23,pi:161005,akerbp
pi:160536,23-LV-92521A:Y.Value,PH 1stStgSuctScrubber Level,VAL_23-LV-92521A:Y.Value,PI,23-LV-92521A,,PH 1stStgSuctScrubber Level,FALSE,FALSE,VAL_23-LV-92521A:Y.Value,160536,,VLH_PCN1,1,,23-LV-92521A,pi:160536,akerbp
pi:160130,23_YT_96134_01:Z.X.Value,PH 1stStg Mtr Journ BRG DE,VAL_23_YT_96134_01:Z.X.Value,PI,23,,PH 1stStg Mtr Journ BRG DE,FALSE,FALSE,VAL_23_YT_96134_01:Z.X.Value,160130,,VLH_PCN1,1,,23,pi:160130,akerbp
pi:160140,23_ZT_92538:Z.X.Value,PH 1stStgComp Valve Position,VAL_23_ZT_92538:Z.X.Value,PI,23-ZT-92538,,PH 1stStgComp Valve Position,FALSE,FALSE,VAL_23_ZT_92538:Z.X.Value,160140,,VLH_PCN1,1,,23-ZT-92538,pi:160140,akerbp
pi:160628,23-PDT-92502:X.Value,PH 1stStgSuctCool Tubes,VAL_23-PDT-92502:X.Value,PI,23-PDT-92502,,PH 1stStgSuctCool Tubes,FALSE,FALSE,VAL_23-PDT-92502:X.Value,160628,,VLH_PCN1,1,,23-PDT-92502,pi:160628,akerbp
pi:160995,23-VA-9110-M01-EL:XS.MeasuredValues.CurrentL2.Value.Value,PH 1stStgComp Oil Mist Fan,VAL_23-VA-9110-M01-EL:XS.MeasuredValues.CurrentL2.Value.Value,PI,23-VA-9110-M01,,PH 1stStgComp Oil Mist Fan,FALSE,FALSE,VAL_23-VA-9110-M01-EL:XS.MeasuredValues.CurrentL2.Value.Value,160995,,VLH_PCN1,1,,23-VA-9110-M01,pi:160995,akerbp
pi:160697,23-PT-92512:X.Value,PH 1stStgSuctCool Gas In,VAL_23-PT-92512:X.Value,PI,23-PT-92512,,PH 1stStgSuctCool Gas In,FALSE,FALSE,VAL_23-PT-92512:X.Value,160697,,VLH_PCN1,1,,23-PT-92512,pi:160697,akerbp
pi:160666,23-PIC-96153:Control Module:BX,PH 1stStg Comp Inner Seal External,VAL_23-PIC-96153:Control Module:BX,PI,23-PIC-96153,,PH 1stStg Comp Inner Seal External,FALSE,FALSE,VAL_23-PIC-96153:Control Module:BX,160666,,VLH_PCN1,1,-,23-PIC-96153,pi:160666,akerbp
pi:160227,23-KA-9101_PRD:VALUE,PH (CBM) 1st Stage Press Rat Dev,VAL_23-KA-9101_PRD:VALUE,PI,23-KA-9101,,PH (CBM) 1st Stage Press Rat Dev,FALSE,FALSE,VAL_23-KA-9101_PRD:VALUE,160227,,VLH_PCN5,1,%,23-KA-9101,pi:160227,akerbp
pi:160552,23-LY-92529_DensityBands_05waterUL:VALUE,PH (Profiler) Density Band 2 Upper Limit (WATER),VAL_23-LY-92529_DensityBands_05waterUL:VALUE,PI,23-LE-92529,,PH (Profiler) Density Band 2 Upper Limit (WATER),FALSE,FALSE,VAL_23-LY-92529_DensityBands_05waterUL:VALUE,160552,,VLH_PCN5,1,Kg/m3,23-LE-92529,pi:160552,akerbp
pi:160257,23-KA-9101-M01_Selector_switch_local_remote:VALUE,PH (SwitchGear) MV-COMP.M. FEEDER/ Selector switch local / remote,VAL_23-KA-9101-M01_Selector_switch_local_remote:VALUE,PI,23-KA-9101-M01,,PH (SwitchGear) MV-COMP.M. FEEDER/ Selector switch local / remote,FALSE,FALSE,VAL_23-KA-9101-M01_Selector_switch_local_remote:VALUE,160257,,VLH_PCN5,1,,23-KA-9101-M01,pi:160257,akerbp
pi:160146,23-ESDV-92501A-PST:VALUE,PH,VAL_23-ESDV-92501A-PST:VALUE,PI,23-ESDV-92501A-PST,,PH,FALSE,FALSE,VAL_23-ESDV-92501A-PST:VALUE,160146,,VLH_PCN5,1,,23-ESDV-92501A-PST,pi:160146,akerbp
pi:160272,23-KA-9101-M01-EL:XS.CoreStatus.XZ.Signal.Value,PH Truck in Test,VAL_23-KA-9101-M01-EL:XS.CoreStatus.XZ.Signal.Value,PI,23-KA-9101-M01,,PH Truck in Test,FALSE,FALSE,VAL_23-KA-9101-M01-EL:XS.CoreStatus.XZ.Signal.Value,160272,,VLH_PCN1,1,,23-KA-9101-M01,pi:160272,akerbp
pi:160702,23-PT-92536:X.Value,PH 1stStgComp Discharge,VAL_23-PT-92536:X.Value,PI,23-PT-92536,,PH 1stStgComp Discharge,FALSE,FALSE,VAL_23-PT-92536:X.Value,160702,,VLH_PCN1,1,bar,23-PT-92536,pi:160702,akerbp
pi:160559,23-LY-92529_Outputs_oilLevel:VALUE,PH (Profiler) % Scaled Level Output for Level C or Oil,VAL_23-LY-92529_Outputs_oilLevel:VALUE,PI,23-LE-92529,,PH (Profiler) % Scaled Level Output for Level C or Oil,FALSE,FALSE,VAL_23-LY-92529_Outputs_oilLevel:VALUE,160559,,VLH_PCN5,1,%,23-LE-92529,pi:160559,akerbp
pi:160218,23-KA-9101_APH:VALUE,PH (CBM) 1st Stg ActCompr Poly Head,VAL_23-KA-9101_APH:VALUE,PI,23-KA-9101,,PH (CBM) 1st Stg ActCompr Poly Head,FALSE,FALSE,VAL_23-KA-9101_APH:VALUE,160218,,VLH_PCN5,1,,23-KA-9101,pi:160218,akerbp
pi:160917,23-TT-96113-03:Z.X.Value,PH 1stStg Gear2 Journ BRG NDE,VAL_23-TT-96113-03:Z.X.Value,PI,23,,PH 1stStg Gear2 Journ BRG NDE,FALSE,FALSE,VAL_23-TT-96113-03:Z.X.Value,160917,,LAB-WAS-VAL,1,,23,pi:160917,akerbp
pi:160499,23-LIC-92521:Z.X.Value,PH 1stStgSuctScrubber Level Measured Value,VAL_23-LIC-92521:Z.X.Value,PI,23-LIC-92521,,PH 1stStgSuctScrubber Level Measured Value,FALSE,FALSE,VAL_23-LIC-92521:Z.X.Value,160499,,VLH_PCN1,1,%,23-LIC-92521,pi:160499,akerbp
pi:160923,23-TT-96116-03:Z.X.Value,PH 1stStg Gear Thrust BRG OUT,VAL_23-TT-96116-03:Z.X.Value,PI,23,,PH 1stStg Gear Thrust BRG OUT,FALSE,FALSE,VAL_23-TT-96116-03:Z.X.Value,160923,,LAB-WAS-VAL,1,,23,pi:160923,akerbp
pi:160791,23-TIC-92604:Z.Y.Value,PH 1stStgDiscCool Gas Out Output,VAL_23-TIC-92604:Z.Y.Value,PI,23-TIC-92604,,PH 1stStgDiscCool Gas Out Output,FALSE,FALSE,VAL_23-TIC-92604:Z.Y.Value,160791,,LAB-WAS-VAL800,1,degC,23-TIC-92604,pi:160791,akerbp
pi:160141,23_ZT_92543:Z.X.Value,PH 1stStgComp Valve Pos,VAL_23_ZT_92543:Z.X.Value,PI,23-ZT-92543,,PH 1stStgComp Valve Pos,FALSE,FALSE,VAL_23_ZT_92543:Z.X.Value,160141,,VLH_PCN1,1,,23-ZT-92543,pi:160141,akerbp
pi:160728,23-PT-96160:Z.X1.Value,PH 1st Stg Comp Separation Gas,VAL_23-PT-96160:Z.X1.Value,PI,23-PT-96160-01,,PH 1st Stg Comp Separation Gas,FALSE,FALSE,VAL_23-PT-96160:Z.X1.Value,160728,,VLH_PCN1,1,,23-PT-96160-01,pi:160728,akerbp
pi:161084,23-ZS-96142A:X.Value,PH 1stStgComp Encl Door A,VAL_23-ZS-96142A:X.Value,PI,23-ZS-96142A,,PH 1stStgComp Encl Door A,FALSE,FALSE,VAL_23-ZS-96142A:X.Value,161084,,VLH_PCN1,1,,23-ZS-96142A,pi:161084,akerbp
pi:160927,23-TT-96136-05:Z.X.Value,PH 1stStg Mtr Winding V,VAL_23-TT-96136-05:Z.X.Value,PI,23,,PH 1stStg Mtr Winding V,FALSE,FALSE,VAL_23-TT-96136-05:Z.X.Value,160927,,LAB-WAS-VAL,1,,23,pi:160927,akerbp
pi:161019,23-YA-96117-02:Z.X.Value,PH 1stStg Gear1 Journ BRG DE,VAL_23-YA-96117-02:Z.X.Value,PI,23,,PH 1stStg Gear1 Journ BRG DE,FALSE,FALSE,VAL_23-YA-96117-02:Z.X.Value,161019,,LAB-WAS-VAL,1,,23,pi:161019,akerbp
pi:160557,23-LY-92529_Outputs_foamLevel:VALUE,PH (Profiler) % Scaled Level Output for Level B or Foam,VAL_23-LY-92529_Outputs_foamLevel:VALUE,PI,23-LE-92529,,PH (Profiler) % Scaled Level Output for Level B or Foam,FALSE,FALSE,VAL_23-LY-92529_Outputs_foamLevel:VALUE,160557,,VLH_PCN5,1,%,23-LE-92529,pi:160557,akerbp
pi:160548,23-LY-92529_DensityBands_03oilUL:VALUE,PH (Profiler) Density Band 4 Upper Limit (OIL),VAL_23-LY-92529_DensityBands_03oilUL:VALUE,PI,23-LE-92529,,PH (Profiler) Density Band 4 Upper Limit (OIL),FALSE,FALSE,VAL_23-LY-92529_DensityBands_03oilUL:VALUE,160548,,VLH_PCN5,1,Kg/m3,23-LE-92529,pi:160548,akerbp
pi:160578,23-NY-96144-03:VALUE,PH (CBM) Phase C Negative NQN,VAL_23-NY-96144-03:VALUE,PI,23-NY-96144,,PH (CBM) Phase C Negative NQN,FALSE,FALSE,VAL_23-NY-96144-03:VALUE,160578,,VLH_PCN5,1,-,23-NY-96144,pi:160578,akerbp
pi:160527,23-LT-96182:Z.X1.Value,PH 1st Stg Oil Reservoir,VAL_23-LT-96182:Z.X1.Value,PI,23-LT-96182-01,,PH 1st Stg Oil Reservoir,FALSE,FALSE,VAL_23-LT-96182:Z.X1.Value,160527,,VLH_PCN1,1,,23-LT-96182-01,pi:160527,akerbp
pi:160727,23-PT-96157:Z.X2.Value,PH 1st Stg Outer Seal NDE,VAL_23-PT-96157:Z.X2.Value,PI,23-PT-96157-02,,PH 1st Stg Outer Seal NDE,FALSE,FALSE,VAL_23-PT-96157:Z.X2.Value,160727,,VLH_PCN1,1,,23-PT-96157-02,pi:160727,akerbp
pi:160779,23-TIC-92504:Control Module:YR,PH 1stStgSuctCool Gas Out Working Setpoint,VAL_23-TIC-92504:Control Module:YR,PI,23-TIC-92504,,PH 1stStgSuctCool Gas Out Working Setpoint,FALSE,TRUE,VAL_23-TIC-92504:Control Module:YR,160779,,VLH_PCN1,1,degC,23-TIC-92504,pi:160779,akerbp
pi:161023,23-YA-96119-02:Z.X.Value,PH 1stStg Gear2 Journ BRG NDE,VAL_23-YA-96119-02:Z.X.Value,PI,23,,PH 1stStg Gear2 Journ BRG NDE,FALSE,FALSE,VAL_23-YA-96119-02:Z.X.Value,161023,,LAB-WAS-VAL,1,,23,pi:161023,akerbp
pi:191091,23-TIC-92604B:Z.X.Value,PH 1stStgDiscCool Gas Out Measured Value,VAL_23-TIC-92604B:Z.X.Value,PI,23-TIC-92604B,,PH 1stStgDiscCool Gas Out Measured Value,FALSE,FALSE,VAL_23-TIC-92604B:Z.X.Value,191091,,VLH_PCN1,1,degC,23-TIC-92604B,pi:191091,akerbp
pi:160786,23-TIC-92604:Control Module:PI,PH 1stStgDiscCool Gas Out Integral time,VAL_23-TIC-92604:Control Module:PI,PI,23-TIC-92604,,PH 1stStgDiscCool Gas Out Integral time,FALSE,FALSE,VAL_23-TIC-92604:Control Module:PI,160786,,LAB-WAS-VAL800,1,s,23-TIC-92604,pi:160786,akerbp
pi:160776,23-TIC-92504:Control Module:PD,PH 1stStgSuctCool Gas Out Derivate time,VAL_23-TIC-92504:Control Module:PD,PI,23-TIC-92504,,PH 1stStgSuctCool Gas Out Derivate time,FALSE,FALSE,VAL_23-TIC-92504:Control Module:PD,160776,,VLH_PCN1,1,s,23-TIC-92504,pi:160776,akerbp
pi:160777,23-TIC-92504:Control Module:PI,PH 1stStgSuctCool Gas Out Integral time,VAL_23-TIC-92504:Control Module:PI,PI,23-TIC-92504,,PH 1stStgSuctCool Gas Out Integral time,FALSE,FALSE,VAL_23-TIC-92504:Control Module:PI,160777,,VLH_PCN1,1,s,23-TIC-92504,pi:160777,akerbp
pi:160906,23-TT-96101-03:Z.X.Value,PH 1stStg Comp Journ BRG DE,VAL_23-TT-96101-03:Z.X.Value,PI,23,,PH 1stStg Comp Journ BRG DE,FALSE,FALSE,VAL_23-TT-96101-03:Z.X.Value,160906,,LAB-WAS-VAL,1,,23,pi:160906,akerbp
pi:160074,23_PIC_92538_04:Z.X.Value,PH 1stStgComp STV Perf Prim PV,VAL_23_PIC_92538_04:Z.X.Value,PI,23-PIC-92538,,PH 1stStgComp STV Perf Prim PV,FALSE,FALSE,VAL_23_PIC_92538_04:Z.X.Value,160074,,VLH_PCN1,1,,23-PIC-92538,pi:160074,akerbp
pi:160225,23-KA-9101_PED:VALUE,PH (CBM) 1st Stage Poly Eff Dev,VAL_23-KA-9101_PED:VALUE,PI,23-KA-9101,,PH (CBM) 1st Stage Poly Eff Dev,FALSE,FALSE,VAL_23-KA-9101_PED:VALUE,160225,,VLH_PCN5,1,,23-KA-9101,pi:160225,akerbp
pi:161085,23-ZS-96142B:X.Value,PH 1stStgComp Encl Door B,VAL_23-ZS-96142B:X.Value,PI,23-ZS-96142B,,PH 1stStgComp Encl Door B,FALSE,FALSE,VAL_23-ZS-96142B:X.Value,161085,,VLH_PCN1,1,,23-ZS-96142B,pi:161085,akerbp
pi:160888,23-TT-92603:X.Value,PH 1stStgDiscCool Gas Out,VAL_23-TT-92603:X.Value,PI,23-TT-92603,,PH 1stStgDiscCool Gas Out,FALSE,FALSE,VAL_23-TT-92603:X.Value,160888,,VLH_PCN1,1,,23-TT-92603,pi:160888,akerbp
pi:160668,23-PIC-96153:Control Module:PI,PH 1stStg Comp Inner Seal Integral time,VAL_23-PIC-96153:Control Module:PI,PI,23-PIC-96153,,PH 1stStg Comp Inner Seal Integral time,FALSE,FALSE,VAL_23-PIC-96153:Control Module:PI,160668,,VLH_PCN1,1,s,23-PIC-96153,pi:160668,akerbp
pi:160079,23_PIC_92538_09:Z.X.Value,PH 1stStgComp STV Perf Limit 2 SP,VAL_23_PIC_92538_09:Z.X.Value,PI,23-PIC-92538,,PH 1stStgComp STV Perf Limit 2 SP,FALSE,FALSE,VAL_23_PIC_92538_09:Z.X.Value,160079,,VLH_PCN1,1,,23-PIC-92538,pi:160079,akerbp
pi:160622,23-PDI-96150:X.Value,PH 1st Stg Comp Over Inner Seal,VAL_23-PDI-96150:X.Value,PI,23,,PH 1st Stg Comp Over Inner Seal,FALSE,FALSE,VAL_23-PDI-96150:X.Value,160622,,VLH_PCN1,1,,23,pi:160622,akerbp
pi:160782,23-TIC-92504:Z.Y.Value,PH 1stStgSuctCool Gas Out Output,VAL_23-TIC-92504:Z.Y.Value,PI,23-TIC-92504,,PH 1stStgSuctCool Gas Out Output,FALSE,FALSE,VAL_23-TIC-92504:Z.Y.Value,160782,,VLH_PCN1,1,degC,23-TIC-92504,pi:160782,akerbp
pi:160612,23-PC-9109-M01:Z.Y.Value,PH 1stStg Comp Lube Oil Pump,VAL_23-PC-9109-M01:Z.Y.Value,PI,23-PC-9109-M01,,PH 1stStg Comp Lube Oil Pump,FALSE,FALSE,VAL_23-PC-9109-M01:Z.Y.Value,160612,,VLH_PCN1,1,,23-PC-9109-M01,pi:160612,akerbp
pi:160129,23_YT_96133_02:Z.X.Value,PH 1stStg MtrJourn BRG NDE,VAL_23_YT_96133_02:Z.X.Value,PI,23,,PH 1stStg MtrJourn BRG NDE,FALSE,FALSE,VAL_23_YT_96133_02:Z.X.Value,160129,,VLH_PCN1,1,,23,pi:160129,akerbp
pi:160067,23_KA_9101_M01_60A:Z.X.Value,PH 1stStg Comp Mtr Current,VAL_23_KA_9101_M01_60A:Z.X.Value,PI,23-KA-9101-M01,,PH 1stStg Comp Mtr Current,FALSE,FALSE,VAL_23_KA_9101_M01_60A:Z.X.Value,160067,,LAB-WAS-VAL,1,,23-KA-9101-M01,pi:160067,akerbp
pi:160262,23-KA-9101-M01_Winding_Temperature_V1:VALUE,PH (SwitchGear),VAL_23-KA-9101-M01_Winding_Temperature_V1:VALUE,PI,23-KA-9101-M01,,PH (SwitchGear),FALSE,FALSE,VAL_23-KA-9101-M01_Winding_Temperature_V1:VALUE,160262,,VLH_PCN5,1,degC,23-KA-9101-M01,pi:160262,akerbp
pi:160149,23-ESDV-92551A-PST:VALUE,PH,VAL_23-ESDV-92551A-PST:VALUE,PI,23-ESDV-92551A-PST,,PH,FALSE,FALSE,VAL_23-ESDV-92551A-PST:VALUE,160149,,VLH_PCN5,1,,23-ESDV-92551A-PST,pi:160149,akerbp
pi:161003,23-XA-96124-A:Z.X.Value,PH 1stStg KEYPH Gear1 Shaft,VAL_23-XA-96124-A:Z.X.Value,PI,23,,PH 1stStg KEYPH Gear1 Shaft,FALSE,FALSE,VAL_23-XA-96124-A:Z.X.Value,161003,,LAB-WAS-VAL,1,,23,pi:161003,akerbp
pi:160921,23-TT-96115-03:Z.X.Value,PH 1stStg Gear Thrust BRG IN,VAL_23-TT-96115-03:Z.X.Value,PI,23,,PH 1stStg Gear Thrust BRG IN,FALSE,FALSE,VAL_23-TT-96115-03:Z.X.Value,160921,,LAB-WAS-VAL,1,,23,pi:160921,akerbp
pi:160581,23-NY-96144-06:VALUE,PH (CBM) Phase C Positive NQN,VAL_23-NY-96144-06:VALUE,PI,23-NY-96144,,PH (CBM) Phase C Positive NQN,FALSE,FALSE,VAL_23-NY-96144-06:VALUE,160581,,VLH_PCN5,1,-,23-NY-96144,pi:160581,akerbp
pi:163583,45-PT-92609:X.Value,PH 1stStgDiscCool CM Out,VAL_45-PT-92609:X.Value,PI,45-PT-92609,,PH 1stStgDiscCool CM Out,FALSE,FALSE,VAL_45-PT-92609:X.Value,163583,,VLH_PCN1,1,,45-PT-92609,pi:163583,akerbp
pi:160131,23_YT_96134_02:Z.X.Value,PH 1stStg Mtr Journ BRG DE,VAL_23_YT_96134_02:Z.X.Value,PI,23,,PH 1stStg Mtr Journ BRG DE,FALSE,FALSE,VAL_23_YT_96134_02:Z.X.Value,160131,,VLH_PCN1,1,,23,pi:160131,akerbp
pi:160833,23-TIC-96147:Control Module:YR,PH 1stStg Comp Seal Gas Working Setpoint,VAL_23-TIC-96147:Control Module:YR,PI,23-TIC-96147,,PH 1stStg Comp Seal Gas Working Setpoint,FALSE,TRUE,VAL_23-TIC-96147:Control Module:YR,160833,,VLH_PCN1,1,degC,23-TIC-96147,pi:160833,akerbp
pi:163374,45-FT-92606:X.Value,PH 1stStgDiscCool CoolMed In,VAL_45-FT-92606:X.Value,PI,45-FT-92606,,PH 1stStgDiscCool CoolMed In,FALSE,FALSE,VAL_45-FT-92606:X.Value,163374,,VLH_PCN1,1,,45-FT-92606,pi:163374,akerbp
pi:163522,45-PDT-92506:X.Value,PH 1stStgSuctCool Shell,VAL_45-PDT-92506:X.Value,PI,45-PDT-92506,,PH 1stStgSuctCool Shell,FALSE,FALSE,VAL_45-PDT-92506:X.Value,163522,,VLH_PCN1,1,,45-PDT-92506,pi:163522,akerbp
pi:160258,23-KA-9101-M01_Spring_Charging_Alarm:VALUE,PH (SwitchGear) MV-COMP.M. FEEDER/ Spring Charging Alarm,VAL_23-KA-9101-M01_Spring_Charging_Alarm:VALUE,PI,23-KA-9101-M01,,PH (SwitchGear) MV-COMP.M. FEEDER/ Spring Charging Alarm,FALSE,FALSE,VAL_23-KA-9101-M01_Spring_Charging_Alarm:VALUE,160258,,VLH_PCN5,1,,23-KA-9101-M01,pi:160258,akerbp
pi:160150,23-ESDV-92551B-PST:VALUE,PH,VAL_23-ESDV-92551B-PST:VALUE,PI,23-ESDV-92551B-PST,,PH,FALSE,FALSE,VAL_23-ESDV-92551B-PST:VALUE,160150,,VLH_PCN5,1,,23-ESDV-92551B-PST,pi:160150,akerbp
pi:160528,23-LT-96182:Z.X2.Value,PH 1st Stg Oil Reservoir,VAL_23-LT-96182:Z.X2.Value,PI,23-LT-96182-02,,PH 1st Stg Oil Reservoir,FALSE,FALSE,VAL_23-LT-96182:Z.X2.Value,160528,,VLH_PCN1,1,,23-LT-96182-02,pi:160528,akerbp
pi:160645,23-PDT-96146:X.Value,PH 1st Stg Comp Gas Filter,VAL_23-PDT-96146:X.Value,PI,23-PDT-96146,,PH 1st Stg Comp Gas Filter,FALSE,FALSE,VAL_23-PDT-96146:X.Value,160645,,VLH_PCN1,1,,23-PDT-96146,pi:160645,akerbp
pi:160032,23_FIC_92543_03:Z.X.Value,PH 1stStgComp First AntSrgStat,VAL_23_FIC_92543_03:Z.X.Value,PI,23-FIC-92543,,PH 1stStgComp First AntSrgStat,FALSE,FALSE,VAL_23_FIC_92543_03:Z.X.Value,160032,,VLH_PCN1,1,,23-FIC-92543,pi:160032,akerbp
pi:160787,23-TIC-92604:Control Module:PP,PH 1stStgDiscCool Gas Out Gain,VAL_23-TIC-92604:Control Module:PP,PI,23-TIC-92604,,PH 1stStgDiscCool Gas Out Gain,FALSE,FALSE,VAL_23-TIC-92604:Control Module:PP,160787,,LAB-WAS-VAL800,1,-,23-TIC-92604,pi:160787,akerbp
pi:160243,23-KA-9101-M01_Motor_startup_supervision_MOTstart:VALUE,PH (SwitchGear),VAL_23-KA-9101-M01_Motor_startup_supervision_MOTstart:VALUE,PI,23-KA-9101-M01,,PH (SwitchGear),FALSE,FALSE,VAL_23-KA-9101-M01_Motor_startup_supervision_MOTstart:VALUE,160243,,VLH_PCN5,1,,23-KA-9101-M01,pi:160243,akerbp
pi:161014,23-YA-96105-01:Z.X.Value,PH 1stStg Comp 1 JournBRG DE,VAL_23-YA-96105-01:Z.X.Value,PI,23,,PH 1stStg Comp 1 JournBRG DE,FALSE,FALSE,VAL_23-YA-96105-01:Z.X.Value,161014,,LAB-WAS-VAL,1,,23,pi:161014,akerbp
pi:160883,23-TT-92512:X.Value,PH 1stStgSuctCool Gas In,VAL_23-TT-92512:X.Value,PI,23-TT-92512,,PH 1stStgSuctCool Gas In,FALSE,FALSE,VAL_23-TT-92512:X.Value,160883,,VLH_PCN1,1,,23-TT-92512,pi:160883,akerbp
pi:163658,45-TT-92607A:X.Value,PH 1stStgDiscClr CoolMed Out,VAL_45-TT-92607A:X.Value,PI,45-TT-92607A,,PH 1stStgDiscClr CoolMed Out,FALSE,FALSE,VAL_45-TT-92607A:X.Value,163658,,VLH_PCN1,1,,45-TT-92607A,pi:163658,akerbp
pi:160547,23-LY-92529_DensityBands_03oilLL:VALUE,PH (Profiler) Density Band 4 Lower Limit (OIL),VAL_23-LY-92529_DensityBands_03oilLL:VALUE,PI,23-LE-92529,,PH (Profiler) Density Band 4 Lower Limit (OIL),FALSE,FALSE,VAL_23-LY-92529_DensityBands_03oilLL:VALUE,160547,,VLH_PCN5,1,Kg/m3,23-LE-92529,pi:160547,akerbp
pi:160228,23-KA-9101_SPD:VALUE,PH (CBM) 1st Stage Shft Pwr Dev,VAL_23-KA-9101_SPD:VALUE,PI,23-KA-9101,,PH (CBM) 1st Stage Shft Pwr Dev,FALSE,FALSE,VAL_23-KA-9101_SPD:VALUE,160228,,VLH_PCN5,1,,23-KA-9101,pi:160228,akerbp
pi:163657,45-TT-92606:X.Value,PH 1stStgDiscClr CoolMed Sply,VAL_45-TT-92606:X.Value,PI,45-TT-92606,,PH 1stStgDiscClr CoolMed Sply,FALSE,FALSE,VAL_45-TT-92606:X.Value,163657,,VLH_PCN1,1,,45-TT-92606,pi:163657,akerbp
pi:160644,23-PDT-96143:X.Value,PH 1st Stg Encl Coalesar Filter,VAL_23-PDT-96143:X.Value,PI,23-PDT-96143,,PH 1st Stg Encl Coalesar Filter,FALSE,FALSE,VAL_23-PDT-96143:X.Value,160644,,VLH_PCN1,1,,23-PDT-96143,pi:160644,akerbp
pi:160519,23-LT-92523:Z.X1.Value,PH 1stStgSuctScrubber,VAL_23-LT-92523:Z.X1.Value,PI,23-LT-92523-01,,PH 1stStgSuctScrubber,FALSE,FALSE,VAL_23-LT-92523:Z.X1.Value,160519,,VLH_PCN1,1,,23-LT-92523-01,pi:160519,akerbp
pi:160496,23-LIC-92521:Control Module:PP,PH 1stStgSuctScrubber Level Gain,VAL_23-LIC-92521:Control Module:PP,PI,23-LIC-92521,,PH 1stStgSuctScrubber Level Gain,FALSE,FALSE,VAL_23-LIC-92521:Control Module:PP,160496,,VLH_PCN1,1,-,23-LIC-92521,pi:160496,akerbp
pi:160549,23-LY-92529_DensityBands_04emulsionLL:VALUE,PH (Profiler) Density Band 3 Lower Limit (EMULSION),VAL_23-LY-92529_DensityBands_04emulsionLL:VALUE,PI,23-LE-92529,,PH (Profiler) Density Band 3 Lower Limit (EMULSION),FALSE,FALSE,VAL_23-LY-92529_DensityBands_04emulsionLL:VALUE,160549,,VLH_PCN5,1,Kg/m3,23-LE-92529,pi:160549,akerbp
pi:160884,23-TT-92533:X.Value,PH 1stStgComp Suction,VAL_23-TT-92533:X.Value,PI,23-TT-92533,,PH 1stStgComp Suction,FALSE,FALSE,VAL_23-TT-92533:X.Value,160884,,VLH_PCN1,1,DegC,23-TT-92533,pi:160884,akerbp
pi:160193,23-FT-96159:X.Value,PH 1stStg Comp Buffer Gas NDE,VAL_23-FT-96159:X.Value,PI,23-FT-96159,,PH 1stStg Comp Buffer Gas NDE,FALSE,FALSE,VAL_23-FT-96159:X.Value,160193,,VLH_PCN1,1,,23-FT-96159,pi:160193,akerbp
pi:160844,23-TIC-96148:Z.X.Value,PH 1stStg Comp Seal Gas Measured Value,VAL_23-TIC-96148:Z.X.Value,PI,23-TIC-96148,,PH 1stStg Comp Seal Gas Measured Value,FALSE,FALSE,VAL_23-TIC-96148:Z.X.Value,160844,,VLH_PCN1,1,degC,23-TIC-96148,pi:160844,akerbp
pi:160038,23_FIC_92543_09:Z.X.Value,PH 1stStgComp AntSrg Limit 2 SP,VAL_23_FIC_92543_09:Z.X.Value,PI,23-FIC-92543,,PH 1stStgComp AntSrg Limit 2 SP,FALSE,FALSE,VAL_23_FIC_92543_09:Z.X.Value,160038,,VLH_PCN1,1,,23-FIC-92543,pi:160038,akerbp
pi:160553,23-LY-92529_DensityBands_06sandLL:VALUE,PH (Profiler) Density Band 1 Lower Limit (SAND),VAL_23-LY-92529_DensityBands_06sandLL:VALUE,PI,23-LE-92529,,PH (Profiler) Density Band 1 Lower Limit (SAND),FALSE,FALSE,VAL_23-LY-92529_DensityBands_06sandLL:VALUE,160553,,VLH_PCN5,1,Kg/m3,23-LE-92529,pi:160553,akerbp
pi:160934,23-TT-96183:X.Value,PH 1stStg Lube Oil Reservoir,VAL_23-TT-96183:X.Value,PI,23-TT-96183,,PH 1stStg Lube Oil Reservoir,FALSE,FALSE,VAL_23-TT-96183:X.Value,160934,,VLH_PCN1,1,,23-TT-96183,pi:160934,akerbp
pi:160914,23-TT-96112-01:Z.X.Value,PH 1stStg Comp 1 Journ BRG NDE,VAL_23-TT-96112-01:Z.X.Value,PI,23,,PH 1stStg Comp 1 Journ BRG NDE,FALSE,FALSE,VAL_23-TT-96112-01:Z.X.Value,160914,,LAB-WAS-VAL,1,,23,pi:160914,akerbp
pi:160217,23-KA-9101_APE:VALUE,PH (CBM) 1st Stage ActCompr Poly Eff,VAL_23-KA-9101_APE:VALUE,PI,23-KA-9101,,PH (CBM) 1st Stage ActCompr Poly Eff,FALSE,FALSE,VAL_23-KA-9101_APE:VALUE,160217,,VLH_PCN5,1,,23-KA-9101,pi:160217,akerbp
pi:160887,23-TT-92602:X.Value,PH 1stStgDiscCool Gas In,VAL_23-TT-92602:X.Value,PI,23-TT-92602,,PH 1stStgDiscCool Gas In,FALSE,FALSE,VAL_23-TT-92602:X.Value,160887,,VLH_PCN1,1,,23-TT-92602,pi:160887,akerbp
pi:160648,23-PDT-96162:X.Value,PH 1st Stg Comp Booster,VAL_23-PDT-96162:X.Value,PI,23-PDT-96162,,PH 1st Stg Comp Booster,FALSE,FALSE,VAL_23-PDT-96162:X.Value,160648,,VLH_PCN1,1,,23-PDT-96162,pi:160648,akerbp
pi:160911,23-TT-96104-03:Z.X.Value,PH 1stStg Comp Thrust BRG OUT,VAL_23-TT-96104-03:Z.X.Value,PI,23,,PH 1stStg Comp Thrust BRG OUT,FALSE,FALSE,VAL_23-TT-96104-03:Z.X.Value,160911,,LAB-WAS-VAL,1,,23,pi:160911,akerbp
pi:160789,23-TIC-92604:MODE,PH 1stStgDiscCool Gas Out Mode,VAL_23-TIC-92604:MODE,PI,23-TIC-92604,,PH 1stStgDiscCool Gas Out Mode,TRUE,FALSE,VAL_23-TIC-92604:MODE,160789,,C,1,,23-TIC-92604,pi:160789,akerbp
pi:160254,23-KA-9101-M01_Reactive_power_kVAr:VALUE,PH (SwitchGear),VAL_23-KA-9101-M01_Reactive_power_kVAr:VALUE,PI,23-KA-9101-M01,,PH (SwitchGear),FALSE,FALSE,VAL_23-KA-9101-M01_Reactive_power_kVAr:VALUE,160254,,VLH_PCN5,1,kVAr,23-KA-9101-M01,pi:160254,akerbp
pi:160837,23-TIC-96148:Control Module:BA,PH 1stStg Comp Seal Gas Auto,VAL_23-TIC-96148:Control Module:BA,PI,23-TIC-96148,,PH 1stStg Comp Seal Gas Auto,FALSE,FALSE,VAL_23-TIC-96148:Control Module:BA,160837,,VLH_PCN1,1,-,23-TIC-96148,pi:160837,akerbp
pi:160236,23-KA-9101-M01_Current_L2:VALUE,PH (SwitchGear) MV-COMP.M. FEEDER/ Current (L2),VAL_23-KA-9101-M01_Current_L2:VALUE,PI,23-KA-9101-M01,,PH (SwitchGear) MV-COMP.M. FEEDER/ Current (L2),FALSE,FALSE,VAL_23-KA-9101-M01_Current_L2:VALUE,160236,,VLH_PCN5,1,A,23-KA-9101-M01,pi:160236,akerbp
pi:160780,23-TIC-92504:MODE,PH 1stStgSuctCool Gas Out Mode,VAL_23-TIC-92504:MODE,PI,23-TIC-92504,,PH 1stStgSuctCool Gas Out Mode,TRUE,FALSE,VAL_23-TIC-92504:MODE,160780,,C,1,,23-TIC-92504,pi:160780,akerbp
pi:160580,23-NY-96144-05:VALUE,PH (CBM) Phase B Positive NQN,VAL_23-NY-96144-05:VALUE,PI,23-NY-96144,,PH (CBM) Phase B Positive NQN,FALSE,FALSE,VAL_23-NY-96144-05:VALUE,160580,,VLH_PCN5,1,-,23-NY-96144,pi:160580,akerbp
pi:160497,23-LIC-92521:Control Module:YR,PH 1stStgSuctScrubber Level Working Setpoint,VAL_23-LIC-92521:Control Module:YR,PI,23-LIC-92521,,PH 1stStgSuctScrubber Level Working Setpoint,FALSE,TRUE,VAL_23-LIC-92521:Control Module:YR,160497,,VLH_PCN1,1,%,23-LIC-92521,pi:160497,akerbp
pi:160033,23_FIC_92543_04:Z.X.Value,PH 1stStgComp First AntSrg Dev,VAL_23_FIC_92543_04:Z.X.Value,PI,23-FIC-92543,,PH 1stStgComp First AntSrg Dev,FALSE,FALSE,VAL_23_FIC_92543_04:Z.X.Value,160033,,VLH_PCN1,1,,23-FIC-92543,pi:160033,akerbp
pi:160237,23-KA-9101-M01_Current_L3:VALUE,PH (SwitchGear) MV-COMP.M. FEEDER/ Current (L3),VAL_23-KA-9101-M01_Current_L3:VALUE,PI,23-KA-9101-M01,,PH (SwitchGear) MV-COMP.M. FEEDER/ Current (L3),FALSE,FALSE,VAL_23-KA-9101-M01_Current_L3:VALUE,160237,,VLH_PCN5,1,A,23-KA-9101-M01,pi:160237,akerbp
pi:160621,23-PDI-96149:X.Value,PH 1st Stg Comp Over Inner Seal,VAL_23-PDI-96149:X.Value,PI,23,,PH 1st Stg Comp Over Inner Seal,FALSE,FALSE,VAL_23-PDI-96149:X.Value,160621,,VLH_PCN1,1,,23,pi:160621,akerbp
pi:160701,23-PT-92535:X.Value,PH 1stStgComp Suction,VAL_23-PT-92535:X.Value,PI,23-PT-92535,,PH 1stStgComp Suction,FALSE,FALSE,VAL_23-PT-92535:X.Value,160701,,VLH_PCN1,1,bar,23-PT-92535,pi:160701,akerbp
pi:160190,23-FT-96151:X.Value,PH 1stStg Comp Inner Seal DE,VAL_23-FT-96151:X.Value,PI,23-FT-96151,,PH 1stStg Comp Inner Seal DE,FALSE,FALSE,VAL_23-FT-96151:X.Value,160190,,VLH_PCN1,1,,23-FT-96151,pi:160190,akerbp
pi:160767,23-TE-96137-03:X.Value,PH 1stStg Mtr Hot Air,VAL_23-TE-96137-03:X.Value,PI,23-TE-96137-03,,PH 1stStg Mtr Hot Air,FALSE,FALSE,VAL_23-TE-96137-03:X.Value,160767,,VLH_PCN1,1,,23-TE-96137-03,pi:160767,akerbp
pi:160550,23-LY-92529_DensityBands_04emulsionUL:VALUE,PH (Profiler) Density Band 3 Upper Limit (EMULSION),VAL_23-LY-92529_DensityBands_04emulsionUL:VALUE,PI,23-LE-92529,,PH (Profiler) Density Band 3 Upper Limit (EMULSION),FALSE,FALSE,VAL_23-LY-92529_DensityBands_04emulsionUL:VALUE,160550,,VLH_PCN5,1,Kg/m3,23-LE-92529,pi:160550,akerbp
pi:160253,23-KA-9101-M01_OC_low_stage_residual_NEF1low:VALUE,PH (SwitchGear) MV-COMP.M. FEEDER/ 51-1 Non Directional Earth Fault (trip Io>),VAL_23-KA-9101-M01_OC_low_stage_residual_NEF1low:VALUE,PI,23-KA-9101-M01,,PH (SwitchGear) MV-COMP.M. FEEDER/ 51-1 Non Directional Earth Fault (trip Io>),FALSE,FALSE,VAL_23-KA-9101-M01_OC_low_stage_residual_NEF1low:VALUE,160253,,VLH_PCN5,1,,23-KA-9101-M01,pi:160253,akerbp
pi:160242,23-KA-9101-M01_MCB_failure-Motor_Tripping:VALUE,"PH (SwitchGear) MV-COMP.M. FEEDER/ MCB failure - Motor, Tripping",VAL_23-KA-9101-M01_MCB_failure-Motor_Tripping:VALUE,PI,23-KA-9101-M01,,"PH (SwitchGear) MV-COMP.M. FEEDER/ MCB failure - Motor, Tripping",FALSE,FALSE,VAL_23-KA-9101-M01_MCB_failure-Motor_Tripping:VALUE,160242,,VLH_PCN5,1,,23-KA-9101-M01,pi:160242,akerbp
pi:160558,23-LY-92529_Outputs_gasLevel:VALUE,PH (Profiler) % Scaled Level Output for Level A or Gas,VAL_23-LY-92529_Outputs_gasLevel:VALUE,PI,23-LE-92529,,PH (Profiler) % Scaled Level Output for Level A or Gas,FALSE,FALSE,VAL_23-LY-92529_Outputs_gasLevel:VALUE,160558,,VLH_PCN5,1,%,23-LE-92529,pi:160558,akerbp
pi:161015,23-YA-96105-02:Z.X.Value,PH 1stStg Comp 1 JournBRG DE,VAL_23-YA-96105-02:Z.X.Value,PI,23,,PH 1stStg Comp 1 JournBRG DE,FALSE,FALSE,VAL_23-YA-96105-02:Z.X.Value,161015,,LAB-WAS-VAL,1,,23,pi:161015,akerbp
pi:163656,45-TT-92508:X.Value,PH 1stStgSuctClr CoolMed Out,VAL_45-TT-92508:X.Value,PI,45-TT-92508,,PH 1stStgSuctClr CoolMed Out,FALSE,FALSE,VAL_45-TT-92508:X.Value,163656,,VLH_PCN1,1,,45-TT-92508,pi:163656,akerbp
pi:160154,23-FE-9106-39:X.Value,PH 1st Stg Lube Oil Heater Running,VAL_23-FE-9106-39:X.Value,PI,23-FE-9106-39,,PH 1st Stg Lube Oil Heater Running,FALSE,FALSE,VAL_23-FE-9106-39:X.Value,160154,,VLH_PCN1,1,,23-FE-9106-39,pi:160154,akerbp
pi:160035,23_FIC_92543_06:Z.X.Value,PH 1stStgComp AntSrg Limit 1 PV,VAL_23_FIC_92543_06:Z.X.Value,PI,23-FIC-92543,,PH 1stStgComp AntSrg Limit 1 PV,FALSE,FALSE,VAL_23_FIC_92543_06:Z.X.Value,160035,,VLH_PCN1,1,,23-FIC-92543,pi:160035,akerbp
pi:160263,23-KA-9101-M01_Winding_Temperature_W1:VALUE,PH (SwitchGear),VAL_23-KA-9101-M01_Winding_Temperature_W1:VALUE,PI,23-KA-9101-M01,,PH (SwitchGear),FALSE,FALSE,VAL_23-KA-9101-M01_Winding_Temperature_W1:VALUE,160263,,VLH_PCN5,1,degC,23-KA-9101-M01,pi:160263,akerbp
pi:161066,23-ZA-96107-01:Z.X.Value,PH 1stStg Comp Schaft Axial,VAL_23-ZA-96107-01:Z.X.Value,PI,23,,PH 1stStg Comp Schaft Axial,FALSE,FALSE,VAL_23-ZA-96107-01:Z.X.Value,161066,,LAB-WAS-VAL,1,,23,pi:161066,akerbp
pi:160828,23-TIC-96147:Control Module:BA,PH 1stStg Comp Seal Gas Auto,VAL_23-TIC-96147:Control Module:BA,PI,23-TIC-96147,,PH 1stStg Comp Seal Gas Auto,FALSE,FALSE,VAL_23-TIC-96147:Control Module:BA,160828,,VLH_PCN1,1,-,23-TIC-96147,pi:160828,akerbp
pi:160183,23-FT-92521:X.Value,PH 1stStgSuctScrubber Liq Out,VAL_23-FT-92521:X.Value,PI,23-FT-92521,,PH 1stStgSuctScrubber Liq Out,FALSE,FALSE,VAL_23-FT-92521:X.Value,160183,,VLH_PCN1,1,,23-FT-92521,pi:160183,akerbp
pi:160498,23-LIC-92521:MODE,PH 1stStgSuctScrubber Level Mode,VAL_23-LIC-92521:MODE,PI,23-LIC-92521,,PH 1stStgSuctScrubber Level Mode,TRUE,FALSE,VAL_23-LIC-92521:MODE,160498,,C,1,,23-LIC-92521,pi:160498,akerbp
pi:160495,23-LIC-92521:Control Module:PI,PH 1stStgSuctScrubber Level Integral time,VAL_23-LIC-92521:Control Module:PI,PI,23-LIC-92521,,PH 1stStgSuctScrubber Level Integral time,FALSE,FALSE,VAL_23-LIC-92521:Control Module:PI,160495,,VLH_PCN1,1,s,23-LIC-92521,pi:160495,akerbp
pi:160790,23-TIC-92604:Z.X.Value,PH 1stStgDiscCool Gas Out Measured Value,VAL_23-TIC-92604:Z.X.Value,PI,23-TIC-92604,,PH 1stStgDiscCool Gas Out Measured Value,FALSE,FALSE,VAL_23-TIC-92604:Z.X.Value,160790,,LAB-WAS-VAL800,1,degC,23-TIC-92604,pi:160790,akerbp
pi:160932,23-TT-96181:Z.X2.Value,PH 1st Stg Oil System Header,VAL_23-TT-96181:Z.X2.Value,PI,23-TT-96181-02,,PH 1st Stg Oil System Header,FALSE,FALSE,VAL_23-TT-96181:Z.X2.Value,160932,,VLH_PCN1,1,,23-TT-96181-02,pi:160932,akerbp
pi:160271,23-KA-9101-M01-EL:XS.CoreStatus.Xservice.Signal.Value,PH Truck in Service,VAL_23-KA-9101-M01-EL:XS.CoreStatus.Xservice.Signal.Value,PI,23-KA-9101-M01,,PH Truck in Service,FALSE,FALSE,VAL_23-KA-9101-M01-EL:XS.CoreStatus.Xservice.Signal.Value,160271,,VLH_PCN1,1,,23-KA-9101-M01,pi:160271,akerbp
pi:160266,23-KA-9101-M01-39B:X.Value,PH 1st Stage Compressor Motor Running,VAL_23-KA-9101-M01-39B:X.Value,PI,23-KA-9101-M01-39B,,PH 1st Stage Compressor Motor Running,FALSE,FALSE,VAL_23-KA-9101-M01-39B:X.Value,160266,,VLH_PCN1,1,,23-KA-9101-M01-39B,pi:160266,akerbp
pi:160774,23-TIC-92504:Control Module:BA,PH 1stStgSuctCool Gas Out Auto,VAL_23-TIC-92504:Control Module:BA,PI,23-TIC-92504,,PH 1stStgSuctCool Gas Out Auto,FALSE,FALSE,VAL_23-TIC-92504:Control Module:BA,160774,,VLH_PCN1,1,-,23-TIC-92504,pi:160774,akerbp
pi:160221,23-KA-9101_EPE:VALUE,PH (CBM) 1st Stage ExpCompr Poly Eff,VAL_23-KA-9101_EPE:VALUE,PI,23-KA-9101,,PH (CBM) 1st Stage ExpCompr Poly Eff,FALSE,FALSE,VAL_23-KA-9101_EPE:VALUE,160221,,VLH_PCN5,1,,23-KA-9101,pi:160221,akerbp
pi:160078,23_PIC_92538_08:Z.X.Value,PH 1stStgComp STV Perf Limit 2 PV,VAL_23_PIC_92538_08:Z.X.Value,PI,23-PIC-92538,,PH 1stStgComp STV Perf Limit 2 PV,FALSE,FALSE,VAL_23_PIC_92538_08:Z.X.Value,160078,,VLH_PCN1,1,,23-PIC-92538,pi:160078,akerbp
pi:160931,23-TT-96181:Z.X1.Value,PH 1st Stg Oil System Header,VAL_23-TT-96181:Z.X1.Value,PI,23-TT-96181-01,,PH 1st Stg Oil System Header,FALSE,FALSE,VAL_23-TT-96181:Z.X1.Value,160931,,VLH_PCN1,1,,23-TT-96181-01,pi:160931,akerbp
pi:161071,23-ZA-96121-03:Z.X.Value,PH 1stStg Gear Schaft Axial,VAL_23-ZA-96121-03:Z.X.Value,PI,23,,PH 1stStg Gear Schaft Axial,FALSE,FALSE,VAL_23-ZA-96121-03:Z.X.Value,161071,,LAB-WAS-VAL,1,,23,pi:161071,akerbp
pi:160830,23-TIC-96147:Control Module:PD,PH 1stStg Comp Seal Gas Derivate time,VAL_23-TIC-96147:Control Module:PD,PI,23-TIC-96147,,PH 1stStg Comp Seal Gas Derivate time,FALSE,FALSE,VAL_23-TIC-96147:Control Module:PD,160830,,VLH_PCN1,1,s,23-TIC-96147,pi:160830,akerbp
pi:160993,23-VA-9110-M01:Z.Y.Value,PH 1stStgComp Oil Mist Fan,VAL_23-VA-9110-M01:Z.Y.Value,PI,23-VA-9110-M01,,PH 1stStgComp Oil Mist Fan,FALSE,FALSE,VAL_23-VA-9110-M01:Z.Y.Value,160993,,VLH_PCN1,1,,23-VA-9110-M01,pi:160993,akerbp
pi:160579,23-NY-96144-04:VALUE,PH (CBM) Phase A Positive NQN,VAL_23-NY-96144-04:VALUE,PI,23-NY-96144,,PH (CBM) Phase A Positive NQN,FALSE,FALSE,VAL_23-NY-96144-04:VALUE,160579,,VLH_PCN5,1,-,23-NY-96144,pi:160579,akerbp
pi:160036,23_FIC_92543_07:Z.X.Value,PH 1stStgComp AntSrg Limit 1 SP,VAL_23_FIC_92543_07:Z.X.Value,PI,23-FIC-92543,,PH 1stStgComp AntSrg Limit 1 SP,FALSE,FALSE,VAL_23_FIC_92543_07:Z.X.Value,160036,,VLH_PCN1,1,,23-FIC-92543,pi:160036,akerbp
pi:160704,23-PT-92540:X.Value,PH 1st Stg Comp Suction,VAL_23-PT-92540:X.Value,PI,23-PT-92540,,PH 1st Stg Comp Suction,FALSE,FALSE,VAL_23-PT-92540:X.Value,160704,,VLH_PCN1,1,barg,23-PT-92540,pi:160704,akerbp
pi:160633,23-PDT-92602:X.Value,PH 1st Stg Disch Gas Coolers,VAL_23-PDT-92602:X.Value,PI,23-PDT-92602,,PH 1st Stg Disch Gas Coolers,FALSE,FALSE,VAL_23-PDT-92602:X.Value,160633,,VLH_PCN1,1,,23-PDT-92602,pi:160633,akerbp
pi:161068,23-ZA-96107-03:Z.X.Value,PH 1stStg Comp Schaft Axial,VAL_23-ZA-96107-03:Z.X.Value,PI,23,,PH 1stStg Comp Schaft Axial,FALSE,FALSE,VAL_23-ZA-96107-03:Z.X.Value,161068,,LAB-WAS-VAL,1,,23,pi:161068,akerbp
pi:161016,23-YA-96106-01:Z.X.Value,PH 1stStg Comp1 Journ BRG NDE,VAL_23-YA-96106-01:Z.X.Value,PI,23,,PH 1stStg Comp1 Journ BRG NDE,FALSE,FALSE,VAL_23-YA-96106-01:Z.X.Value,161016,,LAB-WAS-VAL,1,,23,pi:161016,akerbp
pi:160241,23-KA-9101-M01_Internal_Relay_Fault:VALUE,PH (SwitchGear) MV-COMP.M. FEEDER/  IRF error REM543 (internal relay fault),VAL_23-KA-9101-M01_Internal_Relay_Fault:VALUE,PI,23-KA-9101-M01,,PH (SwitchGear) MV-COMP.M. FEEDER/  IRF error REM543 (internal relay fault),FALSE,FALSE,VAL_23-KA-9101-M01_Internal_Relay_Fault:VALUE,160241,,VLH_PCN5,1,,23-KA-9101-M01,pi:160241,akerbp
pi:160268,23-KA-9101-M01-EL:XS.Alarms.Alarm1.Signal.Value,PH Common Alarm,VAL_23-KA-9101-M01-EL:XS.Alarms.Alarm1.Signal.Value,PI,23-KA-9101-M01,,PH Common Alarm,FALSE,FALSE,VAL_23-KA-9101-M01-EL:XS.Alarms.Alarm1.Signal.Value,160268,,VLH_PCN1,1,,23-KA-9101-M01,pi:160268,akerbp
pi:160208,23-GK-9107B-M01-EL:XS.MeasuredValues.CurrentL2.Value.Value,PH 1stStg Comp Encl Cooling UnitB,VAL_23-GK-9107B-M01-EL:XS.MeasuredValues.CurrentL2.Value.Value,PI,23-GK-9107B-M01,,PH 1stStg Comp Encl Cooling UnitB,FALSE,FALSE,VAL_23-GK-9107B-M01-EL:XS.MeasuredValues.CurrentL2.Value.Value,160208,,VLH_PCN1,1,,23-GK-9107B-M01,pi:160208,akerbp
pi:160544,23-LY-92529_DensityBands_01gasUL:VALUE,PH (Profiler) Density Band 6 Upper Limit (GAS),VAL_23-LY-92529_DensityBands_01gasUL:VALUE,PI,23-LE-92529,,PH (Profiler) Density Band 6 Upper Limit (GAS),FALSE,FALSE,VAL_23-LY-92529_DensityBands_01gasUL:VALUE,160544,,VLH_PCN5,1,Kg/m3,23-LE-92529,pi:160544,akerbp
pi:160698,23-PT-92521:X.Value,PH 1stStgSuctScrubber,VAL_23-PT-92521:X.Value,PI,23-PT-92521,,PH 1stStgSuctScrubber,FALSE,FALSE,VAL_23-PT-92521:X.Value,160698,,VLH_PCN1,1,,23-PT-92521,pi:160698,akerbp
pi:160582,23-NY-96144-07:VALUE,PH (CBM) Phase A Negative Qmax,VAL_23-NY-96144-07:VALUE,PI,23-NY-96144,,PH (CBM) Phase A Negative Qmax,FALSE,FALSE,VAL_23-NY-96144-07:VALUE,160582,,VLH_PCN5,1,mV,23-NY-96144,pi:160582,akerbp
pi:160264,23-KA-9101-M01-36A:X.Value,PH Common Trip,VAL_23-KA-9101-M01-36A:X.Value,PI,23-KA-9101-M01-36A,,PH Common Trip,FALSE,FALSE,VAL_23-KA-9101-M01-36A:X.Value,160264,,VLH_PCN1,1,,23-KA-9101-M01-36A,pi:160264,akerbp
pi:160172,23-FE-9122-H01-F-EL:XS.MeasuredValues.CurrentL2.Value.Value,PH 1stStg Seal Gas Heater,VAL_23-FE-9122-H01-F-EL:XS.MeasuredValues.CurrentL2.Value.Value,PI,23-FE-9122,,PH 1stStg Seal Gas Heater,FALSE,FALSE,VAL_23-FE-9122-H01-F-EL:XS.MeasuredValues.CurrentL2.Value.Value,160172,,VLH_PCN1,1,,23-FE-9122,pi:160172,akerbp
pi:160778,23-TIC-92504:Control Module:PP,PH 1stStgSuctCool Gas Out Gain,VAL_23-TIC-92504:Control Module:PP,PI,23-TIC-92504,,PH 1stStgSuctCool Gas Out Gain,FALSE,FALSE,VAL_23-TIC-92504:Control Module:PP,160778,,VLH_PCN1,1,-,23-TIC-92504,pi:160778,akerbp
pi:160834,23-TIC-96147:MODE,PH 1stStg Comp Seal Gas Mode,VAL_23-TIC-96147:MODE,PI,23-TIC-96147,,PH 1stStg Comp Seal Gas Mode,TRUE,FALSE,VAL_23-TIC-96147:MODE,160834,,C,1,,23-TIC-96147,pi:160834,akerbp
pi:160723,23-PT-96150:Z.X2.Value,PH 1st Stg Inner Seal NDE,VAL_23-PT-96150:Z.X2.Value,PI,23-PT-96150-02,,PH 1st Stg Inner Seal NDE,FALSE,FALSE,VAL_23-PT-96150:Z.X2.Value,160723,,VLH_PCN1,1,,23-PT-96150-02,pi:160723,akerbp
pi:163582,45-PT-92608:X.Value,PH 1stStgDiscCool CM Out,VAL_45-PT-92608:X.Value,PI,45-PT-92608,,PH 1stStgDiscCool CM Out,FALSE,FALSE,VAL_45-PT-92608:X.Value,163582,,VLH_PCN1,1,,45-PT-92608,pi:163582,akerbp
pi:160646,23-PDT-96155:X.Value,PH 1st Stg Comp SEP. Gas Filter,VAL_23-PDT-96155:X.Value,PI,23-PDT-96155,,PH 1st Stg Comp SEP. Gas Filter,FALSE,FALSE,VAL_23-PDT-96155:X.Value,160646,,VLH_PCN1,1,,23-PDT-96155,pi:160646,akerbp
pi:160631,23-PDT-92534:X.Value,PH 1stStgComp Suction,VAL_23-PDT-92534:X.Value,PI,23-PDT-92534,,PH 1stStgComp Suction,FALSE,FALSE,VAL_23-PDT-92534:X.Value,160631,,VLH_PCN1,1,mbar,23-PDT-92534,pi:160631,akerbp
pi:160583,23-NY-96144-08:VALUE,PH (CBM) Phase B Negative Qmax,VAL_23-NY-96144-08:VALUE,PI,23-NY-96144,,PH (CBM) Phase B Negative Qmax,FALSE,FALSE,VAL_23-NY-96144-08:VALUE,160583,,VLH_PCN5,1,mV,23-NY-96144,pi:160583,akerbp
pi:160573,23-LY-92529_SILch0_SC0_TYPSP:VALUE,PH (Profiler) Shutdown Channel 0 - Tube y Position Setpoint,VAL_23-LY-92529_SILch0_SC0_TYPSP:VALUE,PI,23-LE-92529,,PH (Profiler) Shutdown Channel 0 - Tube y Position Setpoint,FALSE,FALSE,VAL_23-LY-92529_SILch0_SC0_TYPSP:VALUE,160573,,VLH_PCN5,1,,23-LE-92529,pi:160573,akerbp
pi:160669,23-PIC-96153:Control Module:PP,PH 1stStg Comp Inner Seal Gain,VAL_23-PIC-96153:Control Module:PP,PI,23-PIC-96153,,PH 1stStg Comp Inner Seal Gain,FALSE,FALSE,VAL_23-PIC-96153:Control Module:PP,160669,,VLH_PCN1,1,-,23-PIC-96153,pi:160669,akerbp
pi:160561,23-LY-92529_Outputs_waterLevel:VALUE,PH (Profiler) % Scaled Level Output for Level E or Water,VAL_23-LY-92529_Outputs_waterLevel:VALUE,PI,23-LE-92529,,PH (Profiler) % Scaled Level Output for Level E or Water,FALSE,FALSE,VAL_23-LY-92529_Outputs_waterLevel:VALUE,160561,,VLH_PCN5,1,%,23-LE-92529,pi:160561,akerbp
pi:160781,23-TIC-92504:Z.X.Value,PH 1stStgSuctCool Gas Out Measured Value,VAL_23-TIC-92504:Z.X.Value,PI,23-TIC-92504,,PH 1stStgSuctCool Gas Out Measured Value,FALSE,FALSE,VAL_23-TIC-92504:Z.X.Value,160781,,VLH_PCN1,1,degC,23-TIC-92504,pi:160781,akerbp
pi:160831,23-TIC-96147:Control Module:PI,PH 1stStg Comp Seal Gas Integral time,VAL_23-TIC-96147:Control Module:PI,PI,23-TIC-96147,,PH 1stStg Comp Seal Gas Integral time,FALSE,FALSE,VAL_23-TIC-96147:Control Module:PI,160831,,VLH_PCN1,1,s,23-TIC-96147,pi:160831,akerbp
pi:160224,23-KA-9101_ESP:VALUE,PH (CBM) 1st Stage ExpShaft Power,VAL_23-KA-9101_ESP:VALUE,PI,23-KA-9101,,PH (CBM) 1st Stage ExpShaft Power,FALSE,FALSE,VAL_23-KA-9101_ESP:VALUE,160224,,VLH_PCN5,1,kw,23-KA-9101,pi:160224,akerbp
pi:163373,45-FT-92506:X.Value,PH 1stStgSuctCool CoolMed In,VAL_45-FT-92506:X.Value,PI,45-FT-92506,,PH 1stStgSuctCool CoolMed In,FALSE,FALSE,VAL_45-FT-92506:X.Value,163373,,VLH_PCN1,1,,45-FT-92506,pi:163373,akerbp
pi:160250,23-KA-9101-M01_OC_instantaneous_residual_NEF1inst:VALUE,PH (SwitchGear) MV-COMP.M. FEEDER/ 51-3  Non Directional Earth Fault (trip Io>>>),VAL_23-KA-9101-M01_OC_instantaneous_residual_NEF1inst:VALUE,PI,23-KA-9101-M01,,PH (SwitchGear) MV-COMP.M. FEEDER/ 51-3  Non Directional Earth Fault (trip Io>>>),FALSE,FALSE,VAL_23-KA-9101-M01_OC_instantaneous_residual_NEF1inst:VALUE,160250,,VLH_PCN5,1,,23-KA-9101-M01,pi:160250,akerbp
pi:160207,23-GK-9107B-M01:Z.Y.Value,PH 1stStg Comp Encl Cooling UnitB,VAL_23-GK-9107B-M01:Z.Y.Value,PI,23-GK-9107B-M01,,PH 1stStg Comp Encl Cooling UnitB,FALSE,FALSE,VAL_23-GK-9107B-M01:Z.Y.Value,160207,,VLH_PCN1,1,,23-GK-9107B-M01,pi:160207,akerbp
pi:160232,23-KA-9101-M01_CB_Mechanical_Fault:VALUE,PH (SwitchGear) MV-COMP.M. FEEDER/ CB Mechanical Fault,VAL_23-KA-9101-M01_CB_Mechanical_Fault:VALUE,PI,23-KA-9101-M01,,PH (SwitchGear) MV-COMP.M. FEEDER/ CB Mechanical Fault,FALSE,FALSE,VAL_23-KA-9101-M01_CB_Mechanical_Fault:VALUE,160232,,VLH_PCN5,1,,23-KA-9101-M01,pi:160232,akerbp
pi:160037,23_FIC_92543_08:Z.X.Value,PH 1stStgComp AntSrg Limit 2 PV,VAL_23_FIC_92543_08:Z.X.Value,PI,23-FIC-92543,,PH 1stStgComp AntSrg Limit 2 PV,FALSE,FALSE,VAL_23_FIC_92543_08:Z.X.Value,160037,,VLH_PCN1,1,,23-FIC-92543,pi:160037,akerbp
pi:160249,23-KA-9101-M01_OC_instantaneous_NOC3inst:VALUE,PH (SwitchGear) MV-COMP.M. FEEDER/ 50/51B-protection (trip 3I>>>),VAL_23-KA-9101-M01_OC_instantaneous_NOC3inst:VALUE,PI,23-KA-9101-M01,,PH (SwitchGear) MV-COMP.M. FEEDER/ 50/51B-protection (trip 3I>>>),FALSE,FALSE,VAL_23-KA-9101-M01_OC_instantaneous_NOC3inst:VALUE,160249,,VLH_PCN5,1,,23-KA-9101-M01,pi:160249,akerbp
pi:161002,23-XA-96108-A:Z.X.Value,PH 1stStg KEYPH Comp Shaft,VAL_23-XA-96108-A:Z.X.Value,PI,23,,PH 1stStg KEYPH Comp Shaft,FALSE,FALSE,VAL_23-XA-96108-A:Z.X.Value,161002,,LAB-WAS-VAL,1,,23,pi:161002,akerbp
pi:160233,23-KA-9101-M01_CB_multiple_plug_out:VALUE,PH (SwitchGear) MV-COMP.M. FEEDER/ CB multiple plug out,VAL_23-KA-9101-M01_CB_multiple_plug_out:VALUE,PI,23-KA-9101-M01,,PH (SwitchGear) MV-COMP.M. FEEDER/ CB multiple plug out,FALSE,FALSE,VAL_23-KA-9101-M01_CB_multiple_plug_out:VALUE,160233,,VLH_PCN5,1,,23-KA-9101-M01,pi:160233,akerbp
pi:160039,23_FIC_92543_11:Z.X.Value,PH Surge Counter,VAL_23_FIC_92543_11:Z.X.Value,PI,23-FIC-92543,,PH Surge Counter,FALSE,FALSE,VAL_23_FIC_92543_11:Z.X.Value,160039,,VLH_PCN1,1,,23-FIC-92543,pi:160039,akerbp
pi:160733,23-PT-96186-03:X.Value,PH 1st Stg Lube Lube Oil Header,VAL_23-PT-96186-03:X.Value,PI,23-PT-96186-03,,PH 1st Stg Lube Lube Oil Header,FALSE,FALSE,VAL_23-PT-96186-03:X.Value,160733,,VLH_PCN1,1,,23-PT-96186-03,pi:160733,akerbp
pi:160205,23-GK-9107A-M01:Z.Y.Value,PH 1stStg Comp Encl Cooling UnitA,VAL_23-GK-9107A-M01:Z.Y.Value,PI,23-GK-9107A-M01,,PH 1stStg Comp Encl Cooling UnitA,FALSE,FALSE,VAL_23-GK-9107A-M01:Z.Y.Value,160205,,VLH_PCN1,1,,23-GK-9107A-M01,pi:160205,akerbp
pi:160246,23-KA-9101-M01_Number_of_CB_Operations:VALUE,PH (SwitchGear) MV-COMP.M. FEEDER/ Number of CB Operations,VAL_23-KA-9101-M01_Number_of_CB_Operations:VALUE,PI,23-KA-9101-M01,,PH (SwitchGear) MV-COMP.M. FEEDER/ Number of CB Operations,FALSE,FALSE,VAL_23-KA-9101-M01_Number_of_CB_Operations:VALUE,160246,,VLH_PCN5,1,,23-KA-9101-M01,pi:160246,akerbp
pi:160240,23-KA-9101-M01_Interlock_active:VALUE,PH (SwitchGear),VAL_23-KA-9101-M01_Interlock_active:VALUE,PI,23-KA-9101-M01,,PH (SwitchGear),FALSE,FALSE,VAL_23-KA-9101-M01_Interlock_active:VALUE,160240,,VLH_PCN5,1,,23-KA-9101-M01,pi:160240,akerbp
pi:160230,23-KA-9101-M01:Z.Y.Value,PH 1stStg Comp Driving Mtr,VAL_23-KA-9101-M01:Z.Y.Value,PI,23-KA-9101-M01,,PH 1stStg Comp Driving Mtr,FALSE,FALSE,VAL_23-KA-9101-M01:Z.Y.Value,160230,,VLH_PCN1,1,,23-KA-9101-M01,pi:160230,akerbp
pi:160564,23-LY-92529_Setpoints_SP_gasHi:VALUE,PH (Profiler) Gas deadband high setpoint,VAL_23-LY-92529_Setpoints_SP_gasHi:VALUE,PI,23-LE-92529,,PH (Profiler) Gas deadband high setpoint,FALSE,FALSE,VAL_23-LY-92529_Setpoints_SP_gasHi:VALUE,160564,,VLH_PCN5,1,Kg/m3,23-LE-92529,pi:160564,akerbp
pi:160562,23-LY-92529_Setpoints_SP_emulsionHi:VALUE,PH (Profiler) Emulsion deadband high setpoint,VAL_23-LY-92529_Setpoints_SP_emulsionHi:VALUE,PI,23-LE-92529,,PH (Profiler) Emulsion deadband high setpoint,FALSE,FALSE,VAL_23-LY-92529_Setpoints_SP_emulsionHi:VALUE,160562,,VLH_PCN5,1,Kg/m3,23-LE-92529,pi:160562,akerbp
pi:160245,23-KA-9101-M01_Motor_Winding_Temp_Warning:VALUE,PH (SwitchGear) MV-COMP.M. FEEDER/ motor winding warning,VAL_23-KA-9101-M01_Motor_Winding_Temp_Warning:VALUE,PI,23-KA-9101-M01,,PH (SwitchGear) MV-COMP.M. FEEDER/ motor winding warning,FALSE,FALSE,VAL_23-KA-9101-M01_Motor_Winding_Temp_Warning:VALUE,160245,,VLH_PCN5,1,,23-KA-9101-M01,pi:160245,akerbp
pi:160784,23-TIC-92604:Control Module:BX,PH 1stStgDiscCool Gas Out External,VAL_23-TIC-92604:Control Module:BX,PI,23-TIC-92604,,PH 1stStgDiscCool Gas Out External,FALSE,FALSE,VAL_23-TIC-92604:Control Module:BX,160784,,LAB-WAS-VAL800,1,-,23-TIC-92604,pi:160784,akerbp
pi:160071,23_PIC_92538_01:Z.X.Value,PH 1stStgComp STV Perf OP,VAL_23_PIC_92538_01:Z.X.Value,PI,23-PIC-92538,,PH 1stStgComp STV Perf OP,FALSE,FALSE,VAL_23_PIC_92538_01:Z.X.Value,160071,,VLH_PCN1,1,,23-PIC-92538,pi:160071,akerbp
pi:160788,23-TIC-92604:Control Module:YR,PH 1stStgDiscCool Gas Out Working Setpoint,VAL_23-TIC-92604:Control Module:YR,PI,23-TIC-92604,,PH 1stStgDiscCool Gas Out Working Setpoint,FALSE,FALSE,VAL_23-TIC-92604:Control Module:YR,160788,,LAB-WAS-VAL800,1,degC,23-TIC-92604,pi:160788,akerbp
pi:160251,23-KA-9101-M01_OC_low stage_negative_seq_NPSlow:VALUE,PH (SwitchGear),VAL_23-KA-9101-M01_OC_low stage_negative_seq_NPSlow:VALUE,PI,23-KA-9101-M01,,PH (SwitchGear),FALSE,FALSE,VAL_23-KA-9101-M01_OC_low stage_negative_seq_NPSlow:VALUE,160251,,LAB-WAS-VAL3P,1,,23-KA-9101-M01,pi:160251,akerbp
pi:160575,23-LY-92529_SILch0_SC0_WATCHDOG:VALUE,PH (Profiler) Shutdown Channel 0 - Watchdog,VAL_23-LY-92529_SILch0_SC0_WATCHDOG:VALUE,PI,23-LE-92529,,PH (Profiler) Shutdown Channel 0 - Watchdog,FALSE,FALSE,VAL_23-LY-92529_SILch0_SC0_WATCHDOG:VALUE,160575,,VLH_PCN5,1,,23-LE-92529,pi:160575,akerbp
pi:160184,23-FT-92537-01:X.Value,PH 1stStgComp Discharge,VAL_23-FT-92537-01:X.Value,PI,23-FT-92537-01,,PH 1stStgComp Discharge,FALSE,FALSE,VAL_23-FT-92537-01:X.Value,160184,,VLH_PCN1,1,kg/h,23-FT-92537-01,pi:160184,akerbp
pi:161022,23-YA-96119-01:Z.X.Value,PH 1stStg Gear2 Journ BRG NDE,VAL_23-YA-96119-01:Z.X.Value,PI,23,,PH 1stStg Gear2 Journ BRG NDE,FALSE,FALSE,VAL_23-YA-96119-01:Z.X.Value,161022,,LAB-WAS-VAL,1,,23,pi:161022,akerbp
pi:161020,23-YA-96118-01:Z.X.Value,PH 1stStg Gear1 Journ BRG NDE,VAL_23-YA-96118-01:Z.X.Value,PI,23,,PH 1stStg Gear1 Journ BRG NDE,FALSE,FALSE,VAL_23-YA-96118-01:Z.X.Value,161020,,LAB-WAS-VAL,1,,23,pi:161020,akerbp
pi:160255,23-KA-9101-M01_REM543_in_test_mode:VALUE,PH (SwitchGear) MV-COMP.M. FEEDER/ REM543 in test mode,VAL_23-KA-9101-M01_REM543_in_test_mode:VALUE,PI,23-KA-9101-M01,,PH (SwitchGear) MV-COMP.M. FEEDER/ REM543 in test mode,FALSE,FALSE,VAL_23-KA-9101-M01_REM543_in_test_mode:VALUE,160255,,VLH_PCN5,1,,23-KA-9101-M01,pi:160255,akerbp
pi:160726,23-PT-96157:Z.X1.Value,PH 1st Stg Outer Seal NDE,VAL_23-PT-96157:Z.X1.Value,PI,23-PT-96157-01,,PH 1st Stg Outer Seal NDE,FALSE,FALSE,VAL_23-PT-96157:Z.X1.Value,160726,,VLH_PCN1,1,,23-PT-96157-01,pi:160726,akerbp
pi:160585,23-NY-96144-10:VALUE,PH (CBM) Phase A Positive Qmax,VAL_23-NY-96144-10:VALUE,PI,23-NY-96144,,PH (CBM) Phase A Positive Qmax,FALSE,FALSE,VAL_23-NY-96144-10:VALUE,160585,,VLH_PCN5,1,mV,23-NY-96144,pi:160585,akerbp
pi:160907,23-TT-96102-03:Z.X.Value,PH 1stStg Comp Journ BRG NDE,VAL_23-TT-96102-03:Z.X.Value,PI,23,,PH 1stStg Comp Journ BRG NDE,FALSE,FALSE,VAL_23-TT-96102-03:Z.X.Value,160907,,LAB-WAS-VAL,1,,23,pi:160907,akerbp
pi:160267,23-KA-9101-M01-62B:X.Value,PH HV SWGR 1stStg Comp Mtr,VAL_23-KA-9101-M01-62B:X.Value,PI,23-KA-9101-M01-62B,,PH HV SWGR 1stStg Comp Mtr,FALSE,FALSE,VAL_23-KA-9101-M01-62B:X.Value,160267,,VLH_PCN1,1,MW,23-KA-9101-M01-62B,pi:160267,akerbp
pi:160206,23-GK-9107A-M01-EL:XS.MeasuredValues.CurrentL2.Value.Value,PH 1stStg Comp Encl Cooling UnitA,VAL_23-GK-9107A-M01-EL:XS.MeasuredValues.CurrentL2.Value.Value,PI,23-GK-9107A-M01,,PH 1stStg Comp Encl Cooling UnitA,FALSE,FALSE,VAL_23-GK-9107A-M01-EL:XS.MeasuredValues.CurrentL2.Value.Value,160206,,VLH_PCN1,1,,23-GK-9107A-M01,pi:160206,akerbp
pi:160219,23-KA-9101_APR:VALUE,PH (CBM) 1st Stage ActPress Ratio,VAL_23-KA-9101_APR:VALUE,PI,23-KA-9101,,PH (CBM) 1st Stage ActPress Ratio,FALSE,FALSE,VAL_23-KA-9101_APR:VALUE,160219,,VLH_PCN5,1,ratio,23-KA-9101,pi:160219,akerbp
pi:160700,23-PT-92532:X.Value,PH 1stStgComp Suction,VAL_23-PT-92532:X.Value,PI,23-PT-92532,,PH 1stStgComp Suction,FALSE,FALSE,VAL_23-PT-92532:X.Value,160700,,VLH_PCN1,1,bar,23-PT-92532,pi:160700,akerbp
pi:161018,23-YA-96117-01:Z.X.Value,PH 1stStg Gear1 Journ BRG DE,VAL_23-YA-96117-01:Z.X.Value,PI,23,,PH 1stStg Gear1 Journ BRG DE,FALSE,FALSE,VAL_23-YA-96117-01:Z.X.Value,161018,,LAB-WAS-VAL,1,,23,pi:161018,akerbp
pi:160104,23_PT_92531:Z.X.Value,PH 1stStgComp Suction,VAL_23_PT_92531:Z.X.Value,PI,23-PT-92531,,PH 1stStgComp Suction,FALSE,FALSE,VAL_23_PT_92531:Z.X.Value,160104,,VLH_PCN1,1,,23-PT-92531,pi:160104,akerbp
pi:160522,23-LT-92529-03:X.Value,PH 1stStgScrub I-face TopFoam,VAL_23-LT-92529-03:X.Value,PI,23-LT-92529-03,,PH 1stStgScrub I-face TopFoam,FALSE,FALSE,VAL_23-LT-92529-03:X.Value,160522,,VLH_PCN1,1,,23-LT-92529-03,pi:160522,akerbp
pi:160720,23-PT-96149:Z.X1.Value,PH 1st Stage Comp Inner Seal DE,VAL_23-PT-96149:Z.X1.Value,PI,23-PT-96149-01,,PH 1st Stage Comp Inner Seal DE,FALSE,FALSE,VAL_23-PT-96149:Z.X1.Value,160720,,VLH_PCN1,1,,23-PT-96149-01,pi:160720,akerbp
pi:160034,23_FIC_92543_05:Z.X.Value,PH 1stStgComp First AntSrg CountTot,VAL_23_FIC_92543_05:Z.X.Value,PI,23-FIC-92543,,PH 1stStgComp First AntSrg CountTot,FALSE,FALSE,VAL_23_FIC_92543_05:Z.X.Value,160034,,VLH_PCN1,1,,23-FIC-92543,pi:160034,akerbp
pi:160572,23-LY-92529_SILch0_SC0_TY1SP:VALUE,PH (Profiler) Shutdown Channel 0 - Tube y1 Setpoint,VAL_23-LY-92529_SILch0_SC0_TY1SP:VALUE,PI,23-LE-92529,,PH (Profiler) Shutdown Channel 0 - Tube y1 Setpoint,FALSE,FALSE,VAL_23-LY-92529_SILch0_SC0_TY1SP:VALUE,160572,,VLH_PCN5,1,,23-LE-92529,pi:160572,akerbp
pi:191092,23-TT-92604A:X.Value,PH 1stStgDiscCool Gas Out Output,VAL_23-TT-92604A:X.Value,PI,23-TT-92604A,,PH 1stStgDiscCool Gas Out Output,FALSE,FALSE,VAL_23-TT-92604A:X.Value,191092,,VLH_PCN1,1,degC,23-TT-92604A,pi:191092,akerbp
pi:160649,23-PDT-96167:X.Value,PH 1stStg Comp Balance Piston,VAL_23-PDT-96167:X.Value,PI,23-PDT-96167,,PH 1stStg Comp Balance Piston,FALSE,FALSE,VAL_23-PDT-96167:X.Value,160649,,VLH_PCN1,1,mbar,23-PDT-96167,pi:160649,akerbp
pi:160235,23-KA-9101-M01_Current_L1:VALUE,PH (SwitchGear) MV-COMP.M. FEEDER/ Current (L1),VAL_23-KA-9101-M01_Current_L1:VALUE,PI,23-KA-9101-M01,,PH (SwitchGear) MV-COMP.M. FEEDER/ Current (L1),FALSE,FALSE,VAL_23-KA-9101-M01_Current_L1:VALUE,160235,,VLH_PCN5,1,A,23-KA-9101-M01,pi:160235,akerbp
pi:160910,23-TT-96104-01:Z.X.Value,PH 1stStg Comp Thrust BRG OUT,VAL_23-TT-96104-01:Z.X.Value,PI,23,,PH 1stStg Comp Thrust BRG OUT,FALSE,FALSE,VAL_23-TT-96104-01:Z.X.Value,160910,,LAB-WAS-VAL,1,,23,pi:160910,akerbp
pi:160650,23-PDT-96180:X.Value,PH 1st Stg Lube Oil Filter,VAL_23-PDT-96180:X.Value,PI,23-PDT-96180,,PH 1st Stg Lube Oil Filter,FALSE,FALSE,VAL_23-PDT-96180:X.Value,160650,,VLH_PCN1,1,,23-PDT-96180,pi:160650,akerbp
pi:160915,23-TT-96112-03:Z.X.Value,PH 1stStg Comp 1 Journ BRG NDE,VAL_23-TT-96112-03:Z.X.Value,PI,23,,PH 1stStg Comp 1 Journ BRG NDE,FALSE,FALSE,VAL_23-TT-96112-03:Z.X.Value,160915,,LAB-WAS-VAL,1,,23,pi:160915,akerbp
pi:160494,23-LIC-92521:Control Module:PD,PH 1stStgSuctScrubber Level Derivate time,VAL_23-LIC-92521:Control Module:PD,PI,23-LIC-92521,,PH 1stStgSuctScrubber Level Derivate time,FALSE,FALSE,VAL_23-LIC-92521:Control Module:PD,160494,,VLH_PCN1,1,s,23-LIC-92521,pi:160494,akerbp
pi:160724,23-PT-96156:Z.X1.Value,PH 1st Stg Outer Seal DE,VAL_23-PT-96156:Z.X1.Value,PI,23-PT-96156-01,,PH 1st Stg Outer Seal DE,FALSE,FALSE,VAL_23-PT-96156:Z.X1.Value,160724,,VLH_PCN1,1,,23-PT-96156-01,pi:160724,akerbp
pi:160234,23-KA-9101-M01_CB_travel_alarm:VALUE,PH (SwitchGear),VAL_23-KA-9101-M01_CB_travel_alarm:VALUE,PI,23-KA-9101-M01,,PH (SwitchGear),FALSE,FALSE,VAL_23-KA-9101-M01_CB_travel_alarm:VALUE,160234,,VLH_PCN5,1,,23-KA-9101-M01,pi:160234,akerbp
pi:160110,23_TT_92532:Z.X.Value,PH 1stStgComp Suction Temp,VAL_23_TT_92532:Z.X.Value,PI,23-TT-92532,,PH 1stStgComp Suction Temp,FALSE,FALSE,VAL_23_TT_92532:Z.X.Value,160110,,VLH_PCN1,1,,23-TT-92532,pi:160110,akerbp
pi:160908,23-TT-96103-01:Z.X.Value,PH 1stStg Comp Thrust BRG IN,VAL_23-TT-96103-01:Z.X.Value,PI,23,,PH 1stStg Comp Thrust BRG IN,FALSE,FALSE,VAL_23-TT-96103-01:Z.X.Value,160908,,LAB-WAS-VAL,1,,23,pi:160908,akerbp
pi:161067,23-ZA-96107-02:Z.X.Value,PH 1stStg Comp Schaft Axial,VAL_23-ZA-96107-02:Z.X.Value,PI,23,,PH 1stStg Comp Schaft Axial,FALSE,FALSE,VAL_23-ZA-96107-02:Z.X.Value,161067,,LAB-WAS-VAL,1,,23,pi:161067,akerbp
pi:160994,23-VA-9110-M01-39:X.Value,PH 1st Stg Oil Seperator Running,VAL_23-VA-9110-M01-39:X.Value,PI,23-VA-9110-M01-39,,PH 1st Stg Oil Seperator Running,FALSE,FALSE,VAL_23-VA-9110-M01-39:X.Value,160994,,VLH_PCN1,1,,23-VA-9110-M01-39,pi:160994,akerbp
pi:160839,23-TIC-96148:Control Module:PD,PH 1stStg Comp Seal Gas Derivate time,VAL_23-TIC-96148:Control Module:PD,PI,23-TIC-96148,,PH 1stStg Comp Seal Gas Derivate time,FALSE,FALSE,VAL_23-TIC-96148:Control Module:PD,160839,,VLH_PCN1,1,s,23-TIC-96148,pi:160839,akerbp
pi:160630,23-PDT-92530:X.Value,PH 1stStgComp Suct Str,VAL_23-PDT-92530:X.Value,PI,23-PDT-92530,,PH 1stStgComp Suct Str,FALSE,FALSE,VAL_23-PDT-92530:X.Value,160630,,VLH_PCN1,1,mbar,23-PDT-92530,pi:160630,akerbp
pi:160231,23-KA-9101-M01_Active_power_kW:VALUE,PH (SwitchGear),VAL_23-KA-9101-M01_Active_power_kW:VALUE,PI,23-KA-9101-M01,,PH (SwitchGear),FALSE,FALSE,VAL_23-KA-9101-M01_Active_power_kW:VALUE,160231,,VLH_PCN5,1,kW,23-KA-9101-M01,pi:160231,akerbp
pi:160673,23-PIC-96153:Z.Y.Value,PH 1stStg Comp Inner Seal Output,VAL_23-PIC-96153:Z.Y.Value,PI,23-PIC-96153,,PH 1stStg Comp Inner Seal Output,FALSE,FALSE,VAL_23-PIC-96153:Z.Y.Value,160673,,VLH_PCN1,1,bar,23-PIC-96153,pi:160673,akerbp
pi:160838,23-TIC-96148:Control Module:BX,PH 1stStg Comp Seal Gas External,VAL_23-TIC-96148:Control Module:BX,PI,23-TIC-96148,,PH 1stStg Comp Seal Gas External,FALSE,FALSE,VAL_23-TIC-96148:Control Module:BX,160838,,VLH_PCN1,1,-,23-TIC-96148,pi:160838,akerbp
pi:160721,23-PT-96149:Z.X2.Value,PH 1st Stage Comp Inner Seal DE,VAL_23-PT-96149:Z.X2.Value,PI,23-PT-96149-02,,PH 1st Stage Comp Inner Seal DE,FALSE,FALSE,VAL_23-PT-96149:Z.X2.Value,160721,,VLH_PCN1,1,,23-PT-96149-02,pi:160721,akerbp
pi:160584,23-NY-96144-09:VALUE,PH (CBM) Phase C Negative Qmax,VAL_23-NY-96144-09:VALUE,PI,23-NY-96144,,PH (CBM) Phase C Negative Qmax,FALSE,FALSE,VAL_23-NY-96144-09:VALUE,160584,,VLH_PCN5,1,mV,23-NY-96144,pi:160584,akerbp
pi:160842,23-TIC-96148:Control Module:YR,PH 1stStg Comp Seal Gas Working Setpoint,VAL_23-TIC-96148:Control Module:YR,PI,23-TIC-96148,,PH 1stStg Comp Seal Gas Working Setpoint,FALSE,TRUE,VAL_23-TIC-96148:Control Module:YR,160842,,VLH_PCN1,1,degC,23-TIC-96148,pi:160842,akerbp
pi:163581,45-PT-92508:X.Value,PH 1stStgSuctCool CoolMed Out,VAL_45-PT-92508:X.Value,PI,45-PT-92508,,PH 1stStgSuctCool CoolMed Out,FALSE,FALSE,VAL_45-PT-92508:X.Value,163581,,VLH_PCN1,1,,45-PT-92508,pi:163581,akerbp
pi:161070,23-ZA-96121-02:Z.X.Value,PH 1stStg Gear Schaft Axial,VAL_23-ZA-96121-02:Z.X.Value,PI,23,,PH 1stStg Gear Schaft Axial,FALSE,FALSE,VAL_23-ZA-96121-02:Z.X.Value,161070,,LAB-WAS-VAL,1,,23,pi:161070,akerbp
pi:160128,23_YT_96133_01:Z.X.Value,PH 1stStg MtrJourn BRG NDE,VAL_23_YT_96133_01:Z.X.Value,PI,23,,PH 1stStg MtrJourn BRG NDE,FALSE,FALSE,VAL_23_YT_96133_01:Z.X.Value,160128,,VLH_PCN1,1,,23,pi:160128,akerbp
pi:160916,23-TT-96113-01:Z.X.Value,PH 1stStg Gear2 Journ BRG NDE,VAL_23-TT-96113-01:Z.X.Value,PI,23,,PH 1stStg Gear2 Journ BRG NDE,FALSE,FALSE,VAL_23-TT-96113-01:Z.X.Value,160916,,LAB-WAS-VAL,1,,23,pi:160916,akerbp
pi:160155,23-FE-9106-H01:Z.Y.Value,PH 1stStgComp OIL HEATER,VAL_23-FE-9106-H01:Z.Y.Value,PI,23-FE-9106,,PH 1stStgComp OIL HEATER,FALSE,FALSE,VAL_23-FE-9106-H01:Z.Y.Value,160155,,VLH_PCN1,1,,23-FE-9106,pi:160155,akerbp
pi:160909,23-TT-96103-03:Z.X.Value,PH 1stStg Comp Thrust BRG IN,VAL_23-TT-96103-03:Z.X.Value,PI,23,,PH 1stStg Comp Thrust BRG IN,FALSE,FALSE,VAL_23-TT-96103-03:Z.X.Value,160909,,LAB-WAS-VAL,1,,23,pi:160909,akerbp
pi:160239,23-KA-9101-M01_Earth_current:VALUE,PH (SwitchGear) MV-COMP.M. FEEDER/ Earth current,VAL_23-KA-9101-M01_Earth_current:VALUE,PI,23-KA-9101-M01,,PH (SwitchGear) MV-COMP.M. FEEDER/ Earth current,FALSE,FALSE,VAL_23-KA-9101-M01_Earth_current:VALUE,160239,,VLH_PCN5,1,A,23-KA-9101-M01,pi:160239,akerbp
pi:160076,23_PIC_92538_06:Z.X.Value,PH 1stStgComp STV Perf Limit 1 PV,VAL_23_PIC_92538_06:Z.X.Value,PI,23-PIC-92538,,PH 1stStgComp STV Perf Limit 1 PV,FALSE,FALSE,VAL_23_PIC_92538_06:Z.X.Value,160076,,VLH_PCN1,1,,23-PIC-92538,pi:160076,akerbp
pi:163365,45-FT-92139B:X.Value,PH 1stStg LO Cooler CW,VAL_45-FT-92139B:X.Value,PI,45-FT-92139B,,PH 1stStg LO Cooler CW,FALSE,FALSE,VAL_45-FT-92139B:X.Value,163365,,VLH_PCN1,1,,45-FT-92139B,pi:163365,akerbp
pi:160843,23-TIC-96148:MODE,PH 1stStg Comp Seal Gas Mode,VAL_23-TIC-96148:MODE,PI,23-TIC-96148,,PH 1stStg Comp Seal Gas Mode,TRUE,FALSE,VAL_23-TIC-96148:MODE,160843,,C,1,,23-TIC-96148,pi:160843,akerbp
pi:160273,23-KA-9101-M01-EL:XS.MeasuredValues.CurrentL2.Value.Value,PH 1st Stage Comp,VAL_23-KA-9101-M01-EL:XS.MeasuredValues.CurrentL2.Value.Value,PI,23-KA-9101-M01,,PH 1st Stage Comp,FALSE,FALSE,VAL_23-KA-9101-M01-EL:XS.MeasuredValues.CurrentL2.Value.Value,160273,,VLH_PCN1,1,,23-KA-9101-M01,pi:160273,akerbp
pi:160571,23-LY-92529_SILch0_SC0_TY1PSP:VALUE,PH (Profiler) Shutdown Channel 0 - Tube y1 Position Setpoint,VAL_23-LY-92529_SILch0_SC0_TY1PSP:VALUE,PI,23-LE-92529,,PH (Profiler) Shutdown Channel 0 - Tube y1 Position Setpoint,FALSE,FALSE,VAL_23-LY-92529_SILch0_SC0_TY1PSP:VALUE,160571,,VLH_PCN5,1,,23-LE-92529,pi:160571,akerbp
pi:160699,23-PT-92523:X.Value,PH 1stStgSuctScrubber,VAL_23-PT-92523:X.Value,PI,23-PT-92523,,PH 1stStgSuctScrubber,FALSE,FALSE,VAL_23-PT-92523:X.Value,160699,,VLH_PCN1,1,,23-PT-92523,pi:160699,akerbp
pi:160265,23-KA-9101-M01-39A:X.Value,PH 1st Stg Mtr RUNNING,VAL_23-KA-9101-M01-39A:X.Value,PI,23-KA-9101-M01-39A,,PH 1st Stg Mtr RUNNING,FALSE,FALSE,VAL_23-KA-9101-M01-39A:X.Value,160265,,VLH_PCN1,1,,23-KA-9101-M01-39A,pi:160265,akerbp
pi:161026,23-YA-96122:Z.X.Value,PH 1stStg Gear1 Velocimeter,VAL_23-YA-96122:Z.X.Value,PI,23,,PH 1stStg Gear1 Velocimeter,FALSE,FALSE,VAL_23-YA-96122:Z.X.Value,161026,,LAB-WAS-VAL,1,,23,pi:161026,akerbp
pi:160551,23-LY-92529_DensityBands_05waterLL:VALUE,PH (Profiler) Density Band 2 Lower Limit (WATER),VAL_23-LY-92529_DensityBands_05waterLL:VALUE,PI,23-LE-92529,,PH (Profiler) Density Band 2 Lower Limit (WATER),FALSE,FALSE,VAL_23-LY-92529_DensityBands_05waterLL:VALUE,160551,,VLH_PCN5,1,Kg/m3,23-LE-92529,pi:160551,akerbp
pi:160672,23-PIC-96153:Z.X.Value,PH 1stStg Comp Inner Seal Measured Value,VAL_23-PIC-96153:Z.X.Value,PI,23-PIC-96153,,PH 1stStg Comp Inner Seal Measured Value,FALSE,FALSE,VAL_23-PIC-96153:Z.X.Value,160672,,VLH_PCN1,1,bar,23-PIC-96153,pi:160672,akerbp
pi:160222,23-KA-9101_EPH:VALUE,PH (CBM) 1st Stg ExpCompr Poly Head,VAL_23-KA-9101_EPH:VALUE,PI,23-KA-9101,,PH (CBM) 1st Stg ExpCompr Poly Head,FALSE,FALSE,VAL_23-KA-9101_EPH:VALUE,160222,,VLH_PCN5,1,,23-KA-9101,pi:160222,akerbp
pi:160766,23-TE-96137-02:X.Value,PH 1stStg Mtr Cold Air,VAL_23-TE-96137-02:X.Value,PI,23-TE-96137-02,,PH 1stStg Mtr Cold Air,FALSE,FALSE,VAL_23-TE-96137-02:X.Value,160766,,VLH_PCN1,1,,23-TE-96137-02,pi:160766,akerbp
pi:160256,23-KA-9101-M01_Running_hours:VALUE,PH (SwitchGear),VAL_23-KA-9101-M01_Running_hours:VALUE,PI,23-KA-9101-M01,,PH (SwitchGear),FALSE,FALSE,VAL_23-KA-9101-M01_Running_hours:VALUE,160256,,VLH_PCN5,1,hours,23-KA-9101-M01,pi:160256,akerbp
