{
  "$schema": "https://biomejs.dev/schemas/1.9.4/schema.json",
  "organizeImports": {
    "enabled": true
  },
  "linter": {
    "enabled": true,
    "rules": {
      "recommended": true,
      "suspicious": {
        "noExplicitAny": "off"
      },
      "style": {
        "noNonNullAssertion": "off"
      },
      "complexity": {
        "noForEach": "off"
      }
    }
  },
  "formatter": {
    "enabled": true,
    "indentStyle": "space",
    "indentWidth": 2,
    "lineWidth": 100
  },
  "javascript": {
    "formatter": {
      "quoteStyle": "double",
      "trailingCommas": "es5",
      "semicolons": "always"
    }
  },
  "json": {
    "formatter": {
      "enabled": true
    }
  },
  "files": {
    "ignore": [
      "node_modules",
      "dist",
      "build",
      ".next",
      "coverage",
      "*.min.js",
      "pnpm-lock.yaml"
    ]
  }
}

